CELNBR;Saida;Entrada;Duracao_segundos;Hora;Intervalo;Operadora;acima_abaixo
2,58875E+11;24-11-2017 12:30;24-11-2017 12:30;5;12;c - 12>16;MVTEL;ABAIXO
2,58875E+11;24-11-2017 12:15;24-11-2017 12:15;7;12;c - 12>16;MVTEL;ABAIXO
2,58875E+11;24-11-2017 12:00;24-11-2017 12:00;6;12;c - 12>16;MVTEL;ABAIXO
2,58875E+11;24-11-2017 11:45;24-11-2017 11:45;5;11;b - 7>12;MVTEL;ABAIXO
2,58875E+11;24-11-2017 11:30;24-11-2017 11:30;5;11;b - 7>12;MVTEL;ABAIXO
2,58875E+11;24-11-2017 11:15;24-11-2017 11:15;4;11;b - 7>12;MVTEL;ABAIXO
2,58875E+11;24-11-2017 11:00;24-11-2017 11:00;4;11;b - 7>12;MVTEL;ABAIXO
2,58875E+11;24-11-2017 10:45;24-11-2017 10:45;5;10;b - 7>12;MVTEL;ABAIXO
2,58875E+11;24-11-2017 10:30;24-11-2017 10:30;7;10;b - 7>12;MVTEL;ABAIXO
2,58875E+11;24-11-2017 10:15;24-11-2017 10:15;3;10;b - 7>12;MVTEL;ABAIXO
2,58875E+11;24-11-2017 10:00;24-11-2017 10:00;5;10;b - 7>12;MVTEL;ABAIXO
2,58875E+11;24-11-2017 09:45;24-11-2017 09:45;6;9;b - 7>12;MVTEL;ABAIXO
2,58875E+11;24-11-2017 09:30;24-11-2017 09:30;5;9;b - 7>12;MVTEL;ABAIXO
2,58875E+11;24-11-2017 09:15;24-11-2017 09:15;4;9;b - 7>12;MVTEL;ABAIXO
2,58875E+11;24-11-2017 09:00;24-11-2017 09:00;4;9;b - 7>12;MVTEL;ABAIXO
2,58875E+11;24-11-2017 08:45;24-11-2017 08:45;5;8;b - 7>12;MVTEL;ABAIXO
2,58875E+11;24-11-2017 08:30;24-11-2017 08:30;6;8;b - 7>12;MVTEL;ABAIXO
2,58875E+11;24-11-2017 08:15;24-11-2017 08:15;6;8;b - 7>12;MVTEL;ABAIXO
2,58875E+11;24-11-2017 08:00;24-11-2017 08:00;6;8;b - 7>12;MVTEL;ABAIXO
2,58875E+11;23-11-2017 19:45;23-11-2017 19:45;6;19;e - 18>22;MVTEL;ABAIXO
2,58875E+11;23-11-2017 19:30;23-11-2017 19:30;6;19;e - 18>22;MVTEL;ABAIXO
2,58875E+11;23-11-2017 19:15;23-11-2017 19:15;4;19;e - 18>22;MVTEL;ABAIXO
2,58875E+11;23-11-2017 19:00;23-11-2017 19:00;4;19;e - 18>22;MVTEL;ABAIXO
2,58875E+11;23-11-2017 18:45;23-11-2017 18:45;5;18;e - 18>22;MVTEL;ABAIXO
2,58875E+11;23-11-2017 18:30;23-11-2017 18:30;8;18;e - 18>22;MVTEL;ABAIXO
2,58875E+11;23-11-2017 18:15;23-11-2017 18:15;6;18;e - 18>22;MVTEL;ABAIXO
2,58875E+11;23-11-2017 18:00;23-11-2017 18:00;6;18;e - 18>22;MVTEL;ABAIXO
2,58875E+11;23-11-2017 17:45;23-11-2017 17:45;5;17;d - 16>18;MVTEL;ABAIXO
2,58875E+11;23-11-2017 17:30;23-11-2017 17:30;13;17;d - 16>18;MVTEL;ABAIXO
2,58875E+11;23-11-2017 17:15;23-11-2017 17:15;4;17;d - 16>18;MVTEL;ABAIXO
2,58875E+11;23-11-2017 17:00;23-11-2017 17:00;4;17;d - 16>18;MVTEL;ABAIXO
2,58875E+11;23-11-2017 16:45;23-11-2017 16:45;4;16;d - 16>18;MVTEL;ABAIXO
2,58875E+11;23-11-2017 16:30;23-11-2017 16:30;3;16;d - 16>18;MVTEL;ABAIXO
2,58875E+11;23-11-2017 16:15;23-11-2017 16:15;5;16;d - 16>18;MVTEL;ABAIXO
2,58875E+11;23-11-2017 16:00;23-11-2017 16:00;3;16;d - 16>18;MVTEL;ABAIXO
2,58875E+11;23-11-2017 15:45;23-11-2017 15:45;5;15;c - 12>16;MVTEL;ABAIXO
2,58875E+11;23-11-2017 15:30;23-11-2017 15:30;6;15;c - 12>16;MVTEL;ABAIXO
2,58875E+11;23-11-2017 15:15;23-11-2017 15:15;5;15;c - 12>16;MVTEL;ABAIXO
2,58875E+11;23-11-2017 15:00;23-11-2017 15:00;5;15;c - 12>16;MVTEL;ABAIXO
2,58875E+11;23-11-2017 14:45;23-11-2017 14:45;6;14;c - 12>16;MVTEL;ABAIXO
2,58875E+11;23-11-2017 14:30;23-11-2017 14:30;5;14;c - 12>16;MVTEL;ABAIXO
2,58875E+11;23-11-2017 14:15;23-11-2017 14:15;5;14;c - 12>16;MVTEL;ABAIXO
2,58875E+11;23-11-2017 14:00;23-11-2017 14:00;5;14;c - 12>16;MVTEL;ABAIXO
2,58875E+11;23-11-2017 13:45;23-11-2017 13:45;5;13;c - 12>16;MVTEL;ABAIXO
2,58875E+11;23-11-2017 13:30;23-11-2017 13:30;4;13;c - 12>16;MVTEL;ABAIXO
2,58875E+11;23-11-2017 13:15;23-11-2017 13:15;7;13;c - 12>16;MVTEL;ABAIXO
2,58875E+11;23-11-2017 13:00;23-11-2017 13:00;4;13;c - 12>16;MVTEL;ABAIXO
2,58875E+11;23-11-2017 12:45;23-11-2017 12:45;4;12;c - 12>16;MVTEL;ABAIXO
2,58875E+11;23-11-2017 12:30;23-11-2017 12:30;6;12;c - 12>16;MVTEL;ABAIXO
2,58875E+11;23-11-2017 12:15;23-11-2017 12:15;6;12;c - 12>16;MVTEL;ABAIXO
2,58875E+11;23-11-2017 12:00;23-11-2017 12:00;6;12;c - 12>16;MVTEL;ABAIXO
2,58875E+11;23-11-2017 11:45;23-11-2017 11:45;4;11;b - 7>12;MVTEL;ABAIXO
2,58875E+11;23-11-2017 11:30;23-11-2017 11:30;3;11;b - 7>12;MVTEL;ABAIXO
2,58875E+11;23-11-2017 11:15;23-11-2017 11:15;5;11;b - 7>12;MVTEL;ABAIXO
2,58875E+11;23-11-2017 11:00;23-11-2017 11:00;5;11;b - 7>12;MVTEL;ABAIXO
2,58875E+11;23-11-2017 10:45;23-11-2017 10:45;7;10;b - 7>12;MVTEL;ABAIXO
2,58875E+11;23-11-2017 10:30;23-11-2017 10:30;7;10;b - 7>12;MVTEL;ABAIXO
2,58875E+11;23-11-2017 10:15;23-11-2017 10:15;6;10;b - 7>12;MVTEL;ABAIXO
2,58875E+11;23-11-2017 10:00;23-11-2017 10:00;5;10;b - 7>12;MVTEL;ABAIXO
2,58875E+11;23-11-2017 09:45;23-11-2017 09:45;5;9;b - 7>12;MVTEL;ABAIXO
2,58875E+11;23-11-2017 09:30;23-11-2017 09:30;8;9;b - 7>12;MVTEL;ABAIXO
2,58875E+11;23-11-2017 09:15;23-11-2017 09:15;3;9;b - 7>12;MVTEL;ABAIXO
2,58875E+11;23-11-2017 09:00;23-11-2017 09:00;5;9;b - 7>12;MVTEL;ABAIXO
2,58875E+11;23-11-2017 08:45;23-11-2017 08:45;5;8;b - 7>12;MVTEL;ABAIXO
2,58875E+11;23-11-2017 08:30;23-11-2017 08:30;5;8;b - 7>12;MVTEL;ABAIXO
2,58875E+11;23-11-2017 08:15;23-11-2017 08:15;5;8;b - 7>12;MVTEL;ABAIXO
2,58875E+11;23-11-2017 08:00;23-11-2017 08:00;6;8;b - 7>12;MVTEL;ABAIXO
2,58875E+11;22-11-2017 19:45;22-11-2017 19:45;7;19;e - 18>22;MVTEL;ABAIXO
2,58875E+11;22-11-2017 19:30;22-11-2017 19:30;6;19;e - 18>22;MVTEL;ABAIXO
2,58875E+11;22-11-2017 19:15;22-11-2017 19:15;8;19;e - 18>22;MVTEL;ABAIXO
2,58875E+11;22-11-2017 19:00;22-11-2017 19:00;5;19;e - 18>22;MVTEL;ABAIXO
2,58875E+11;22-11-2017 18:45;22-11-2017 18:45;6;18;e - 18>22;MVTEL;ABAIXO
2,58875E+11;22-11-2017 18:30;22-11-2017 18:30;4;18;e - 18>22;MVTEL;ABAIXO
2,58875E+11;22-11-2017 18:15;22-11-2017 18:15;6;18;e - 18>22;MVTEL;ABAIXO
2,58875E+11;22-11-2017 18:00;22-11-2017 18:00;5;18;e - 18>22;MVTEL;ABAIXO
2,58875E+11;22-11-2017 17:45;22-11-2017 17:45;5;17;d - 16>18;MVTEL;ABAIXO
2,58875E+11;22-11-2017 17:30;22-11-2017 17:30;4;17;d - 16>18;MVTEL;ABAIXO
2,58875E+11;22-11-2017 17:15;22-11-2017 17:15;6;17;d - 16>18;MVTEL;ABAIXO
2,58875E+11;22-11-2017 17:00;22-11-2017 17:00;5;17;d - 16>18;MVTEL;ABAIXO
2,58875E+11;22-11-2017 16:45;22-11-2017 16:45;6;16;d - 16>18;MVTEL;ABAIXO
2,58875E+11;22-11-2017 16:30;22-11-2017 16:30;4;16;d - 16>18;MVTEL;ABAIXO
2,58875E+11;22-11-2017 16:15;22-11-2017 16:15;5;16;d - 16>18;MVTEL;ABAIXO
2,58875E+11;22-11-2017 16:00;22-11-2017 16:00;6;16;d - 16>18;MVTEL;ABAIXO
2,58875E+11;22-11-2017 15:45;22-11-2017 15:45;7;15;c - 12>16;MVTEL;ABAIXO
2,58875E+11;22-11-2017 15:30;22-11-2017 15:30;4;15;c - 12>16;MVTEL;ABAIXO
2,58875E+11;22-11-2017 15:15;22-11-2017 15:15;5;15;c - 12>16;MVTEL;ABAIXO
2,58875E+11;22-11-2017 15:00;22-11-2017 15:00;4;15;c - 12>16;MVTEL;ABAIXO
2,58875E+11;22-11-2017 14:45;22-11-2017 14:45;5;14;c - 12>16;MVTEL;ABAIXO
2,58875E+11;22-11-2017 14:30;22-11-2017 14:30;4;14;c - 12>16;MVTEL;ABAIXO
2,58875E+11;22-11-2017 14:15;22-11-2017 14:15;7;14;c - 12>16;MVTEL;ABAIXO
2,58875E+11;22-11-2017 14:00;22-11-2017 14:00;7;14;c - 12>16;MVTEL;ABAIXO
2,58875E+11;22-11-2017 13:45;22-11-2017 13:45;8;13;c - 12>16;MVTEL;ABAIXO
2,58875E+11;22-11-2017 13:30;22-11-2017 13:30;6;13;c - 12>16;MVTEL;ABAIXO
2,58875E+11;22-11-2017 13:15;22-11-2017 13:15;7;13;c - 12>16;MVTEL;ABAIXO
2,58875E+11;22-11-2017 13:00;22-11-2017 13:00;4;13;c - 12>16;MVTEL;ABAIXO
2,58875E+11;22-11-2017 12:45;22-11-2017 12:45;4;12;c - 12>16;MVTEL;ABAIXO
2,58875E+11;22-11-2017 12:30;22-11-2017 12:30;5;12;c - 12>16;MVTEL;ABAIXO
2,58875E+11;22-11-2017 12:15;22-11-2017 12:15;4;12;c - 12>16;MVTEL;ABAIXO
2,58875E+11;22-11-2017 12:00;22-11-2017 12:00;5;12;c - 12>16;MVTEL;ABAIXO
2,58875E+11;22-11-2017 11:45;22-11-2017 11:45;4;11;b - 7>12;MVTEL;ABAIXO
2,58875E+11;22-11-2017 11:30;22-11-2017 11:30;4;11;b - 7>12;MVTEL;ABAIXO
2,58875E+11;22-11-2017 11:15;22-11-2017 11:15;8;11;b - 7>12;MVTEL;ABAIXO
2,58875E+11;22-11-2017 11:00;22-11-2017 11:00;13;11;b - 7>12;MVTEL;ABAIXO
2,58875E+11;22-11-2017 10:45;22-11-2017 10:45;12;10;b - 7>12;MVTEL;ABAIXO
2,58875E+11;22-11-2017 10:30;22-11-2017 10:30;13;10;b - 7>12;MVTEL;ABAIXO
2,58875E+11;22-11-2017 10:15;22-11-2017 10:15;7;10;b - 7>12;MVTEL;ABAIXO
2,58875E+11;22-11-2017 10:00;22-11-2017 10:00;6;10;b - 7>12;MVTEL;ABAIXO
2,58875E+11;22-11-2017 09:45;22-11-2017 09:45;6;9;b - 7>12;MVTEL;ABAIXO
2,58875E+11;22-11-2017 09:30;22-11-2017 09:30;6;9;b - 7>12;MVTEL;ABAIXO
2,58875E+11;22-11-2017 09:15;22-11-2017 09:15;6;9;b - 7>12;MVTEL;ABAIXO
2,58875E+11;22-11-2017 09:00;22-11-2017 09:00;6;9;b - 7>12;MVTEL;ABAIXO
2,58875E+11;22-11-2017 08:45;22-11-2017 08:45;7;8;b - 7>12;MVTEL;ABAIXO
2,58875E+11;22-11-2017 08:30;22-11-2017 08:30;4;8;b - 7>12;MVTEL;ABAIXO
2,58875E+11;22-11-2017 08:15;22-11-2017 08:15;8;8;b - 7>12;MVTEL;ABAIXO
2,58875E+11;22-11-2017 08:00;22-11-2017 08:00;9;8;b - 7>12;MVTEL;ABAIXO
2,58875E+11;21-11-2017 19:45;21-11-2017 19:45;5;19;e - 18>22;MVTEL;ABAIXO
2,58875E+11;21-11-2017 19:30;21-11-2017 19:30;5;19;e - 18>22;MVTEL;ABAIXO
2,58875E+11;21-11-2017 19:15;21-11-2017 19:15;4;19;e - 18>22;MVTEL;ABAIXO
2,58875E+11;21-11-2017 19:00;21-11-2017 19:00;5;19;e - 18>22;MVTEL;ABAIXO
2,58875E+11;21-11-2017 18:45;21-11-2017 18:45;4;18;e - 18>22;MVTEL;ABAIXO
2,58875E+11;21-11-2017 18:30;21-11-2017 18:30;5;18;e - 18>22;MVTEL;ABAIXO
2,58875E+11;21-11-2017 18:15;21-11-2017 18:15;6;18;e - 18>22;MVTEL;ABAIXO
2,58875E+11;21-11-2017 18:00;21-11-2017 18:00;5;18;e - 18>22;MVTEL;ABAIXO
2,58875E+11;21-11-2017 17:45;21-11-2017 17:45;7;17;d - 16>18;MVTEL;ABAIXO
2,58875E+11;21-11-2017 17:30;21-11-2017 17:30;5;17;d - 16>18;MVTEL;ABAIXO
2,58875E+11;21-11-2017 17:15;21-11-2017 17:15;6;17;d - 16>18;MVTEL;ABAIXO
2,58875E+11;21-11-2017 17:00;21-11-2017 17:00;7;17;d - 16>18;MVTEL;ABAIXO
2,58875E+11;21-11-2017 16:45;21-11-2017 16:45;5;16;d - 16>18;MVTEL;ABAIXO
2,58875E+11;21-11-2017 16:30;21-11-2017 16:30;5;16;d - 16>18;MVTEL;ABAIXO
2,58875E+11;21-11-2017 16:15;21-11-2017 16:15;7;16;d - 16>18;MVTEL;ABAIXO
2,58875E+11;21-11-2017 16:00;21-11-2017 16:00;4;16;d - 16>18;MVTEL;ABAIXO
2,58875E+11;21-11-2017 15:45;21-11-2017 15:45;4;15;c - 12>16;MVTEL;ABAIXO
2,58875E+11;21-11-2017 15:30;21-11-2017 15:30;6;15;c - 12>16;MVTEL;ABAIXO
2,58875E+11;21-11-2017 15:15;21-11-2017 15:15;7;15;c - 12>16;MVTEL;ABAIXO
2,58875E+11;21-11-2017 15:00;21-11-2017 15:00;5;15;c - 12>16;MVTEL;ABAIXO
2,58875E+11;21-11-2017 14:45;21-11-2017 14:45;4;14;c - 12>16;MVTEL;ABAIXO
2,58875E+11;21-11-2017 14:30;21-11-2017 14:30;7;14;c - 12>16;MVTEL;ABAIXO
2,58875E+11;21-11-2017 14:15;21-11-2017 14:15;6;14;c - 12>16;MVTEL;ABAIXO
2,58875E+11;21-11-2017 14:00;21-11-2017 14:00;6;14;c - 12>16;MVTEL;ABAIXO
2,58875E+11;21-11-2017 13:45;21-11-2017 13:45;3;13;c - 12>16;MVTEL;ABAIXO
2,58875E+11;21-11-2017 13:30;21-11-2017 13:30;4;13;c - 12>16;MVTEL;ABAIXO
2,58875E+11;21-11-2017 13:15;21-11-2017 13:15;6;13;c - 12>16;MVTEL;ABAIXO
2,58875E+11;21-11-2017 13:00;21-11-2017 13:00;15;13;c - 12>16;MVTEL;ABAIXO
2,58875E+11;21-11-2017 12:45;21-11-2017 12:45;5;12;c - 12>16;MVTEL;ABAIXO
2,58875E+11;21-11-2017 12:30;21-11-2017 12:30;7;12;c - 12>16;MVTEL;ABAIXO
2,58875E+11;21-11-2017 12:15;21-11-2017 12:15;5;12;c - 12>16;MVTEL;ABAIXO
2,58875E+11;21-11-2017 12:00;21-11-2017 12:00;6;12;c - 12>16;MVTEL;ABAIXO
2,58875E+11;21-11-2017 11:45;21-11-2017 11:45;5;11;b - 7>12;MVTEL;ABAIXO
2,58875E+11;21-11-2017 11:30;21-11-2017 11:30;4;11;b - 7>12;MVTEL;ABAIXO
2,58875E+11;21-11-2017 11:15;21-11-2017 11:15;5;11;b - 7>12;MVTEL;ABAIXO
2,58875E+11;21-11-2017 11:00;21-11-2017 11:00;8;11;b - 7>12;MVTEL;ABAIXO
2,58875E+11;21-11-2017 10:45;21-11-2017 10:45;5;10;b - 7>12;MVTEL;ABAIXO
2,58875E+11;21-11-2017 10:30;21-11-2017 10:30;5;10;b - 7>12;MVTEL;ABAIXO
2,58875E+11;21-11-2017 10:15;21-11-2017 10:15;6;10;b - 7>12;MVTEL;ABAIXO
2,58875E+11;21-11-2017 10:00;21-11-2017 10:00;4;10;b - 7>12;MVTEL;ABAIXO
2,58875E+11;21-11-2017 09:45;21-11-2017 09:45;6;9;b - 7>12;MVTEL;ABAIXO
2,58875E+11;21-11-2017 09:30;21-11-2017 09:30;3;9;b - 7>12;MVTEL;ABAIXO
2,58875E+11;21-11-2017 09:15;21-11-2017 09:15;3;9;b - 7>12;MVTEL;ABAIXO
2,58875E+11;21-11-2017 09:00;21-11-2017 09:00;5;9;b - 7>12;MVTEL;ABAIXO
2,58875E+11;21-11-2017 08:45;21-11-2017 08:45;9;8;b - 7>12;MVTEL;ABAIXO
2,58875E+11;21-11-2017 08:30;21-11-2017 08:30;6;8;b - 7>12;MVTEL;ABAIXO
2,58875E+11;21-11-2017 08:15;21-11-2017 08:15;8;8;b - 7>12;MVTEL;ABAIXO
2,58875E+11;21-11-2017 08:00;21-11-2017 08:00;7;8;b - 7>12;MVTEL;ABAIXO
2,58875E+11;20-11-2017 19:45;20-11-2017 19:45;5;19;e - 18>22;MVTEL;ABAIXO
2,58875E+11;20-11-2017 19:30;20-11-2017 19:30;5;19;e - 18>22;MVTEL;ABAIXO
2,58875E+11;20-11-2017 19:15;20-11-2017 19:15;7;19;e - 18>22;MVTEL;ABAIXO
2,58875E+11;20-11-2017 19:00;20-11-2017 19:00;5;19;e - 18>22;MVTEL;ABAIXO
2,58875E+11;20-11-2017 18:45;20-11-2017 18:45;4;18;e - 18>22;MVTEL;ABAIXO
2,58875E+11;20-11-2017 18:30;20-11-2017 18:30;7;18;e - 18>22;MVTEL;ABAIXO
2,58875E+11;20-11-2017 18:15;20-11-2017 18:15;6;18;e - 18>22;MVTEL;ABAIXO
2,58875E+11;20-11-2017 18:00;20-11-2017 18:00;4;18;e - 18>22;MVTEL;ABAIXO
2,58875E+11;20-11-2017 17:45;20-11-2017 17:45;10;17;d - 16>18;MVTEL;ABAIXO
2,58875E+11;20-11-2017 17:30;20-11-2017 17:30;6;17;d - 16>18;MVTEL;ABAIXO
2,58875E+11;20-11-2017 17:15;20-11-2017 17:15;6;17;d - 16>18;MVTEL;ABAIXO
2,58875E+11;20-11-2017 17:00;20-11-2017 17:00;4;17;d - 16>18;MVTEL;ABAIXO
2,58875E+11;20-11-2017 16:45;20-11-2017 16:45;5;16;d - 16>18;MVTEL;ABAIXO
2,58875E+11;20-11-2017 16:30;20-11-2017 16:30;4;16;d - 16>18;MVTEL;ABAIXO
2,58875E+11;20-11-2017 16:15;20-11-2017 16:15;11;16;d - 16>18;MVTEL;ABAIXO
2,58875E+11;20-11-2017 16:00;20-11-2017 16:00;6;16;d - 16>18;MVTEL;ABAIXO
2,58875E+11;20-11-2017 15:45;20-11-2017 15:45;6;15;c - 12>16;MVTEL;ABAIXO
2,58875E+11;20-11-2017 15:30;20-11-2017 15:30;4;15;c - 12>16;MVTEL;ABAIXO
2,58875E+11;20-11-2017 15:15;20-11-2017 15:15;6;15;c - 12>16;MVTEL;ABAIXO
2,58875E+11;20-11-2017 15:00;20-11-2017 15:00;12;15;c - 12>16;MVTEL;ABAIXO
2,58875E+11;20-11-2017 14:45;20-11-2017 14:45;5;14;c - 12>16;MVTEL;ABAIXO
2,58875E+11;20-11-2017 14:30;20-11-2017 14:30;7;14;c - 12>16;MVTEL;ABAIXO
2,58875E+11;20-11-2017 14:15;20-11-2017 14:15;5;14;c - 12>16;MVTEL;ABAIXO
2,58875E+11;20-11-2017 14:00;20-11-2017 14:00;6;14;c - 12>16;MVTEL;ABAIXO
2,58875E+11;20-11-2017 13:45;20-11-2017 13:45;4;13;c - 12>16;MVTEL;ABAIXO
2,58875E+11;20-11-2017 13:30;20-11-2017 13:30;3;13;c - 12>16;MVTEL;ABAIXO
2,58875E+11;20-11-2017 13:15;20-11-2017 13:15;4;13;c - 12>16;MVTEL;ABAIXO
2,58875E+11;20-11-2017 13:00;20-11-2017 13:00;4;13;c - 12>16;MVTEL;ABAIXO
2,58875E+11;20-11-2017 12:45;20-11-2017 12:45;6;12;c - 12>16;MVTEL;ABAIXO
2,58875E+11;20-11-2017 12:30;20-11-2017 12:30;7;12;c - 12>16;MVTEL;ABAIXO
2,58875E+11;20-11-2017 12:15;20-11-2017 12:15;5;12;c - 12>16;MVTEL;ABAIXO
2,58875E+11;20-11-2017 12:00;20-11-2017 12:00;5;12;c - 12>16;MVTEL;ABAIXO
2,58875E+11;20-11-2017 11:45;20-11-2017 11:45;6;11;b - 7>12;MVTEL;ABAIXO
2,58875E+11;20-11-2017 11:30;20-11-2017 11:30;8;11;b - 7>12;MVTEL;ABAIXO
2,58875E+11;20-11-2017 11:15;20-11-2017 11:15;6;11;b - 7>12;MVTEL;ABAIXO
2,58875E+11;20-11-2017 11:00;20-11-2017 11:00;6;11;b - 7>12;MVTEL;ABAIXO
2,58875E+11;20-11-2017 10:45;20-11-2017 10:45;5;10;b - 7>12;MVTEL;ABAIXO
2,58875E+11;20-11-2017 10:30;20-11-2017 10:30;6;10;b - 7>12;MVTEL;ABAIXO
2,58875E+11;20-11-2017 10:15;20-11-2017 10:15;6;10;b - 7>12;MVTEL;ABAIXO
2,58875E+11;20-11-2017 10:00;20-11-2017 10:00;4;10;b - 7>12;MVTEL;ABAIXO
2,58875E+11;20-11-2017 09:45;20-11-2017 09:45;6;9;b - 7>12;MVTEL;ABAIXO
2,58875E+11;20-11-2017 09:30;20-11-2017 09:30;5;9;b - 7>12;MVTEL;ABAIXO
2,58875E+11;20-11-2017 09:15;20-11-2017 09:15;5;9;b - 7>12;MVTEL;ABAIXO
2,58875E+11;20-11-2017 09:00;20-11-2017 09:00;5;9;b - 7>12;MVTEL;ABAIXO
2,58875E+11;20-11-2017 08:45;20-11-2017 08:45;6;8;b - 7>12;MVTEL;ABAIXO
2,58875E+11;20-11-2017 08:30;20-11-2017 08:30;5;8;b - 7>12;MVTEL;ABAIXO
2,58875E+11;20-11-2017 08:15;20-11-2017 08:15;6;8;b - 7>12;MVTEL;ABAIXO
2,58875E+11;20-11-2017 08:00;20-11-2017 08:00;6;8;b - 7>12;MVTEL;ABAIXO
2,58875E+11;19-11-2017 19:45;19-11-2017 19:45;3;19;e - 18>22;MVTEL;ABAIXO
2,58875E+11;19-11-2017 19:30;19-11-2017 19:30;3;19;e - 18>22;MVTEL;ABAIXO
2,58875E+11;19-11-2017 19:15;19-11-2017 19:15;4;19;e - 18>22;MVTEL;ABAIXO
2,58875E+11;19-11-2017 19:00;19-11-2017 19:00;4;19;e - 18>22;MVTEL;ABAIXO
2,58875E+11;19-11-2017 18:45;19-11-2017 18:45;7;18;e - 18>22;MVTEL;ABAIXO
2,58875E+11;19-11-2017 18:30;19-11-2017 18:30;3;18;e - 18>22;MVTEL;ABAIXO
2,58875E+11;19-11-2017 18:15;19-11-2017 18:15;5;18;e - 18>22;MVTEL;ABAIXO
2,58875E+11;19-11-2017 18:00;19-11-2017 18:00;7;18;e - 18>22;MVTEL;ABAIXO
2,58875E+11;19-11-2017 17:45;19-11-2017 17:45;7;17;d - 16>18;MVTEL;ABAIXO
2,58875E+11;19-11-2017 17:30;19-11-2017 17:30;4;17;d - 16>18;MVTEL;ABAIXO
2,58875E+11;19-11-2017 17:15;19-11-2017 17:15;7;17;d - 16>18;MVTEL;ABAIXO
2,58875E+11;19-11-2017 17:00;19-11-2017 17:00;6;17;d - 16>18;MVTEL;ABAIXO
2,58875E+11;19-11-2017 16:45;19-11-2017 16:45;4;16;d - 16>18;MVTEL;ABAIXO
2,58875E+11;19-11-2017 16:30;19-11-2017 16:30;6;16;d - 16>18;MVTEL;ABAIXO
2,58875E+11;19-11-2017 16:15;19-11-2017 16:15;5;16;d - 16>18;MVTEL;ABAIXO
2,58875E+11;19-11-2017 16:00;19-11-2017 16:00;5;16;d - 16>18;MVTEL;ABAIXO
2,58875E+11;19-11-2017 15:45;19-11-2017 15:45;4;15;c - 12>16;MVTEL;ABAIXO
2,58875E+11;19-11-2017 15:30;19-11-2017 15:30;7;15;c - 12>16;MVTEL;ABAIXO
2,58875E+11;19-11-2017 15:15;19-11-2017 15:15;3;15;c - 12>16;MVTEL;ABAIXO
2,58875E+11;19-11-2017 15:00;19-11-2017 15:00;4;15;c - 12>16;MVTEL;ABAIXO
2,58875E+11;19-11-2017 14:45;19-11-2017 14:45;4;14;c - 12>16;MVTEL;ABAIXO
2,58875E+11;19-11-2017 14:30;19-11-2017 14:30;7;14;c - 12>16;MVTEL;ABAIXO
2,58875E+11;19-11-2017 14:15;19-11-2017 14:15;5;14;c - 12>16;MVTEL;ABAIXO
2,58875E+11;19-11-2017 14:00;19-11-2017 14:00;5;14;c - 12>16;MVTEL;ABAIXO
2,58875E+11;19-11-2017 13:45;19-11-2017 13:45;8;13;c - 12>16;MVTEL;ABAIXO
2,58875E+11;19-11-2017 13:30;19-11-2017 13:30;7;13;c - 12>16;MVTEL;ABAIXO
2,58875E+11;19-11-2017 13:15;19-11-2017 13:15;4;13;c - 12>16;MVTEL;ABAIXO
2,58875E+11;19-11-2017 13:00;19-11-2017 13:00;6;13;c - 12>16;MVTEL;ABAIXO
2,58875E+11;19-11-2017 12:45;19-11-2017 12:45;16;12;c - 12>16;MVTEL;ABAIXO
2,58875E+11;19-11-2017 12:30;19-11-2017 12:30;8;12;c - 12>16;MVTEL;ABAIXO
2,58875E+11;19-11-2017 12:15;19-11-2017 12:15;4;12;c - 12>16;MVTEL;ABAIXO
2,58875E+11;19-11-2017 12:00;19-11-2017 12:00;5;12;c - 12>16;MVTEL;ABAIXO
2,58875E+11;19-11-2017 11:45;19-11-2017 11:45;6;11;b - 7>12;MVTEL;ABAIXO
2,58875E+11;19-11-2017 11:30;19-11-2017 11:30;4;11;b - 7>12;MVTEL;ABAIXO
2,58875E+11;19-11-2017 11:15;19-11-2017 11:15;7;11;b - 7>12;MVTEL;ABAIXO
2,58875E+11;19-11-2017 11:00;19-11-2017 11:00;5;11;b - 7>12;MVTEL;ABAIXO
2,58875E+11;19-11-2017 10:45;19-11-2017 10:45;4;10;b - 7>12;MVTEL;ABAIXO
2,58875E+11;19-11-2017 10:30;19-11-2017 10:30;6;10;b - 7>12;MVTEL;ABAIXO
2,58875E+11;19-11-2017 10:15;19-11-2017 10:15;4;10;b - 7>12;MVTEL;ABAIXO
2,58875E+11;19-11-2017 10:00;19-11-2017 10:00;7;10;b - 7>12;MVTEL;ABAIXO
2,58875E+11;19-11-2017 09:45;19-11-2017 09:45;4;9;b - 7>12;MVTEL;ABAIXO
2,58875E+11;19-11-2017 09:30;19-11-2017 09:30;7;9;b - 7>12;MVTEL;ABAIXO
2,58875E+11;19-11-2017 09:15;19-11-2017 09:15;3;9;b - 7>12;MVTEL;ABAIXO
2,58875E+11;19-11-2017 09:00;19-11-2017 09:00;7;9;b - 7>12;MVTEL;ABAIXO
2,58875E+11;19-11-2017 08:45;19-11-2017 08:45;6;8;b - 7>12;MVTEL;ABAIXO
2,58875E+11;19-11-2017 08:30;19-11-2017 08:30;5;8;b - 7>12;MVTEL;ABAIXO
2,58875E+11;19-11-2017 08:15;19-11-2017 08:15;7;8;b - 7>12;MVTEL;ABAIXO
2,58875E+11;19-11-2017 08:00;19-11-2017 08:00;4;8;b - 7>12;MVTEL;ABAIXO
2,58875E+11;18-11-2017 19:45;18-11-2017 19:45;6;19;e - 18>22;MVTEL;ABAIXO
2,58875E+11;18-11-2017 19:30;18-11-2017 19:30;7;19;e - 18>22;MVTEL;ABAIXO
2,58875E+11;18-11-2017 19:15;18-11-2017 19:15;7;19;e - 18>22;MVTEL;ABAIXO
2,58875E+11;18-11-2017 19:00;18-11-2017 19:00;3;19;e - 18>22;MVTEL;ABAIXO
2,58875E+11;18-11-2017 18:45;18-11-2017 18:45;4;18;e - 18>22;MVTEL;ABAIXO
2,58875E+11;18-11-2017 18:30;18-11-2017 18:30;3;18;e - 18>22;MVTEL;ABAIXO
2,58875E+11;18-11-2017 18:15;18-11-2017 18:15;6;18;e - 18>22;MVTEL;ABAIXO
2,58875E+11;18-11-2017 18:00;18-11-2017 18:00;4;18;e - 18>22;MVTEL;ABAIXO
2,58875E+11;18-11-2017 17:45;18-11-2017 17:45;8;17;d - 16>18;MVTEL;ABAIXO
2,58875E+11;18-11-2017 17:30;18-11-2017 17:30;6;17;d - 16>18;MVTEL;ABAIXO
2,58875E+11;18-11-2017 17:15;18-11-2017 17:15;7;17;d - 16>18;MVTEL;ABAIXO
2,58875E+11;18-11-2017 17:00;18-11-2017 17:00;4;17;d - 16>18;MVTEL;ABAIXO
2,58875E+11;18-11-2017 16:45;18-11-2017 16:45;5;16;d - 16>18;MVTEL;ABAIXO
2,58875E+11;18-11-2017 16:30;18-11-2017 16:30;4;16;d - 16>18;MVTEL;ABAIXO
2,58875E+11;18-11-2017 16:15;18-11-2017 16:15;4;16;d - 16>18;MVTEL;ABAIXO
2,58875E+11;18-11-2017 16:00;18-11-2017 16:00;6;16;d - 16>18;MVTEL;ABAIXO
2,58875E+11;18-11-2017 15:45;18-11-2017 15:45;4;15;c - 12>16;MVTEL;ABAIXO
2,58875E+11;18-11-2017 15:30;18-11-2017 15:30;7;15;c - 12>16;MVTEL;ABAIXO
2,58875E+11;18-11-2017 15:15;18-11-2017 15:15;5;15;c - 12>16;MVTEL;ABAIXO
2,58875E+11;18-11-2017 15:00;18-11-2017 15:00;6;15;c - 12>16;MVTEL;ABAIXO
2,58875E+11;18-11-2017 14:45;18-11-2017 14:45;5;14;c - 12>16;MVTEL;ABAIXO
2,58875E+11;18-11-2017 14:30;18-11-2017 14:30;6;14;c - 12>16;MVTEL;ABAIXO
2,58875E+11;18-11-2017 14:15;18-11-2017 14:15;4;14;c - 12>16;MVTEL;ABAIXO
2,58875E+11;18-11-2017 14:00;18-11-2017 14:00;4;14;c - 12>16;MVTEL;ABAIXO
2,58875E+11;18-11-2017 13:45;18-11-2017 13:45;4;13;c - 12>16;MVTEL;ABAIXO
2,58875E+11;18-11-2017 13:30;18-11-2017 13:30;4;13;c - 12>16;MVTEL;ABAIXO
2,58875E+11;18-11-2017 13:15;18-11-2017 13:15;7;13;c - 12>16;MVTEL;ABAIXO
2,58875E+11;18-11-2017 13:00;18-11-2017 13:00;5;13;c - 12>16;MVTEL;ABAIXO
2,58875E+11;18-11-2017 12:45;18-11-2017 12:45;5;12;c - 12>16;MVTEL;ABAIXO
2,58875E+11;18-11-2017 12:30;18-11-2017 12:30;5;12;c - 12>16;MVTEL;ABAIXO
2,58875E+11;18-11-2017 12:15;18-11-2017 12:15;5;12;c - 12>16;MVTEL;ABAIXO
2,58875E+11;18-11-2017 12:00;18-11-2017 12:00;7;12;c - 12>16;MVTEL;ABAIXO
2,58875E+11;18-11-2017 11:45;18-11-2017 11:45;6;11;b - 7>12;MVTEL;ABAIXO
2,58875E+11;18-11-2017 11:30;18-11-2017 11:30;5;11;b - 7>12;MVTEL;ABAIXO
2,58875E+11;18-11-2017 11:15;18-11-2017 11:15;5;11;b - 7>12;MVTEL;ABAIXO
2,58875E+11;18-11-2017 11:00;18-11-2017 11:00;7;11;b - 7>12;MVTEL;ABAIXO
2,58875E+11;18-11-2017 10:45;18-11-2017 10:45;7;10;b - 7>12;MVTEL;ABAIXO
2,58875E+11;18-11-2017 10:30;18-11-2017 10:30;7;10;b - 7>12;MVTEL;ABAIXO
2,58875E+11;18-11-2017 10:15;18-11-2017 10:15;4;10;b - 7>12;MVTEL;ABAIXO
2,58875E+11;18-11-2017 10:00;18-11-2017 10:00;5;10;b - 7>12;MVTEL;ABAIXO
2,58875E+11;18-11-2017 09:45;18-11-2017 09:45;5;9;b - 7>12;MVTEL;ABAIXO
2,58875E+11;18-11-2017 09:30;18-11-2017 09:30;7;9;b - 7>12;MVTEL;ABAIXO
2,58875E+11;18-11-2017 09:15;18-11-2017 09:15;5;9;b - 7>12;MVTEL;ABAIXO
2,58875E+11;18-11-2017 09:00;18-11-2017 09:00;6;9;b - 7>12;MVTEL;ABAIXO
2,58875E+11;18-11-2017 08:45;18-11-2017 08:45;6;8;b - 7>12;MVTEL;ABAIXO
2,58875E+11;18-11-2017 08:30;18-11-2017 08:30;6;8;b - 7>12;MVTEL;ABAIXO
2,58875E+11;18-11-2017 08:15;18-11-2017 08:15;6;8;b - 7>12;MVTEL;ABAIXO
2,58875E+11;18-11-2017 08:00;18-11-2017 08:00;4;8;b - 7>12;MVTEL;ABAIXO
2,58875E+11;17-11-2017 19:45;17-11-2017 19:45;4;19;e - 18>22;MVTEL;ABAIXO
2,58875E+11;17-11-2017 19:30;17-11-2017 19:30;3;19;e - 18>22;MVTEL;ABAIXO
2,58875E+11;17-11-2017 19:15;17-11-2017 19:15;4;19;e - 18>22;MVTEL;ABAIXO
2,58875E+11;17-11-2017 19:00;17-11-2017 19:00;6;19;e - 18>22;MVTEL;ABAIXO
2,58875E+11;17-11-2017 18:45;17-11-2017 18:45;6;18;e - 18>22;MVTEL;ABAIXO
2,58875E+11;17-11-2017 18:30;17-11-2017 18:30;4;18;e - 18>22;MVTEL;ABAIXO
2,58875E+11;17-11-2017 18:15;17-11-2017 18:15;5;18;e - 18>22;MVTEL;ABAIXO
2,58875E+11;17-11-2017 18:00;17-11-2017 18:00;6;18;e - 18>22;MVTEL;ABAIXO
2,58875E+11;17-11-2017 17:45;17-11-2017 17:45;5;17;d - 16>18;MVTEL;ABAIXO
2,58875E+11;17-11-2017 17:30;17-11-2017 17:30;4;17;d - 16>18;MVTEL;ABAIXO
2,58875E+11;17-11-2017 17:15;17-11-2017 17:15;3;17;d - 16>18;MVTEL;ABAIXO
2,58875E+11;17-11-2017 17:00;17-11-2017 17:00;5;17;d - 16>18;MVTEL;ABAIXO
2,58875E+11;17-11-2017 16:45;17-11-2017 16:45;7;16;d - 16>18;MVTEL;ABAIXO
2,58875E+11;17-11-2017 16:30;17-11-2017 16:30;4;16;d - 16>18;MVTEL;ABAIXO
2,58875E+11;17-11-2017 16:15;17-11-2017 16:15;5;16;d - 16>18;MVTEL;ABAIXO
2,58875E+11;17-11-2017 16:00;17-11-2017 16:00;4;16;d - 16>18;MVTEL;ABAIXO
2,58875E+11;17-11-2017 15:45;17-11-2017 15:45;5;15;c - 12>16;MVTEL;ABAIXO
2,58875E+11;17-11-2017 15:30;17-11-2017 15:30;8;15;c - 12>16;MVTEL;ABAIXO
2,58875E+11;17-11-2017 15:15;17-11-2017 15:15;5;15;c - 12>16;MVTEL;ABAIXO
2,58875E+11;17-11-2017 15:00;17-11-2017 15:00;15;15;c - 12>16;MVTEL;ABAIXO
2,58875E+11;17-11-2017 14:45;17-11-2017 14:45;6;14;c - 12>16;MVTEL;ABAIXO
2,58875E+11;17-11-2017 14:30;17-11-2017 14:30;5;14;c - 12>16;MVTEL;ABAIXO
2,58875E+11;17-11-2017 14:15;17-11-2017 14:15;4;14;c - 12>16;MVTEL;ABAIXO
2,58875E+11;17-11-2017 14:00;17-11-2017 14:00;6;14;c - 12>16;MVTEL;ABAIXO
2,58875E+11;17-11-2017 13:45;17-11-2017 13:45;5;13;c - 12>16;MVTEL;ABAIXO
2,58875E+11;17-11-2017 13:30;17-11-2017 13:30;3;13;c - 12>16;MVTEL;ABAIXO
2,58875E+11;17-11-2017 13:15;17-11-2017 13:15;4;13;c - 12>16;MVTEL;ABAIXO
2,58875E+11;17-11-2017 13:00;17-11-2017 13:00;7;13;c - 12>16;MVTEL;ABAIXO
2,58875E+11;17-11-2017 12:45;17-11-2017 12:45;8;12;c - 12>16;MVTEL;ABAIXO
2,58875E+11;17-11-2017 12:30;17-11-2017 12:30;6;12;c - 12>16;MVTEL;ABAIXO
2,58875E+11;17-11-2017 12:15;17-11-2017 12:15;4;12;c - 12>16;MVTEL;ABAIXO
2,58875E+11;17-11-2017 12:00;17-11-2017 12:00;7;12;c - 12>16;MVTEL;ABAIXO
2,58875E+11;17-11-2017 11:45;17-11-2017 11:45;4;11;b - 7>12;MVTEL;ABAIXO
2,58875E+11;17-11-2017 11:30;17-11-2017 11:30;4;11;b - 7>12;MVTEL;ABAIXO
2,58875E+11;17-11-2017 11:15;17-11-2017 11:15;4;11;b - 7>12;MVTEL;ABAIXO
2,58875E+11;17-11-2017 11:00;17-11-2017 11:00;6;11;b - 7>12;MVTEL;ABAIXO
2,58875E+11;17-11-2017 10:45;17-11-2017 10:45;7;10;b - 7>12;MVTEL;ABAIXO
2,58875E+11;17-11-2017 10:30;17-11-2017 10:30;4;10;b - 7>12;MVTEL;ABAIXO
2,58875E+11;17-11-2017 10:15;17-11-2017 10:15;5;10;b - 7>12;MVTEL;ABAIXO
2,58875E+11;17-11-2017 10:00;17-11-2017 10:00;4;10;b - 7>12;MVTEL;ABAIXO
2,58875E+11;17-11-2017 09:45;17-11-2017 09:45;6;9;b - 7>12;MVTEL;ABAIXO
2,58875E+11;17-11-2017 09:30;17-11-2017 09:30;5;9;b - 7>12;MVTEL;ABAIXO
2,58875E+11;17-11-2017 09:15;17-11-2017 09:15;3;9;b - 7>12;MVTEL;ABAIXO
2,58875E+11;17-11-2017 09:00;17-11-2017 09:00;5;9;b - 7>12;MVTEL;ABAIXO
2,58875E+11;17-11-2017 08:45;17-11-2017 08:45;6;8;b - 7>12;MVTEL;ABAIXO
2,58875E+11;17-11-2017 08:30;17-11-2017 08:30;6;8;b - 7>12;MVTEL;ABAIXO
2,58875E+11;17-11-2017 08:15;17-11-2017 08:15;6;8;b - 7>12;MVTEL;ABAIXO
2,58875E+11;17-11-2017 08:00;17-11-2017 08:00;4;8;b - 7>12;MVTEL;ABAIXO
2,58875E+11;16-11-2017 19:45;16-11-2017 19:45;5;19;e - 18>22;MVTEL;ABAIXO
2,58875E+11;16-11-2017 19:30;16-11-2017 19:30;7;19;e - 18>22;MVTEL;ABAIXO
2,58875E+11;16-11-2017 19:15;16-11-2017 19:15;6;19;e - 18>22;MVTEL;ABAIXO
2,58875E+11;16-11-2017 19:00;16-11-2017 19:00;5;19;e - 18>22;MVTEL;ABAIXO
2,58875E+11;16-11-2017 18:45;16-11-2017 18:45;5;18;e - 18>22;MVTEL;ABAIXO
2,58875E+11;16-11-2017 18:30;16-11-2017 18:30;4;18;e - 18>22;MVTEL;ABAIXO
2,58875E+11;16-11-2017 18:15;16-11-2017 18:15;6;18;e - 18>22;MVTEL;ABAIXO
2,58875E+11;16-11-2017 18:00;16-11-2017 18:00;5;18;e - 18>22;MVTEL;ABAIXO
2,58875E+11;16-11-2017 17:45;16-11-2017 17:45;5;17;d - 16>18;MVTEL;ABAIXO
2,58875E+11;16-11-2017 17:30;16-11-2017 17:30;6;17;d - 16>18;MVTEL;ABAIXO
2,58875E+11;16-11-2017 17:15;16-11-2017 17:15;6;17;d - 16>18;MVTEL;ABAIXO
2,58875E+11;16-11-2017 17:00;16-11-2017 17:00;4;17;d - 16>18;MVTEL;ABAIXO
2,58875E+11;16-11-2017 16:45;16-11-2017 16:45;7;16;d - 16>18;MVTEL;ABAIXO
2,58875E+11;16-11-2017 16:30;16-11-2017 16:30;7;16;d - 16>18;MVTEL;ABAIXO
2,58875E+11;16-11-2017 16:15;16-11-2017 16:15;3;16;d - 16>18;MVTEL;ABAIXO
2,58875E+11;16-11-2017 16:00;16-11-2017 16:00;6;16;d - 16>18;MVTEL;ABAIXO
2,58875E+11;16-11-2017 15:45;16-11-2017 15:45;4;15;c - 12>16;MVTEL;ABAIXO
2,58875E+11;16-11-2017 15:30;16-11-2017 15:30;13;15;c - 12>16;MVTEL;ABAIXO
2,58875E+11;16-11-2017 15:15;16-11-2017 15:15;6;15;c - 12>16;MVTEL;ABAIXO
2,58875E+11;16-11-2017 15:00;16-11-2017 15:00;9;15;c - 12>16;MVTEL;ABAIXO
2,58875E+11;16-11-2017 14:45;16-11-2017 14:45;5;14;c - 12>16;MVTEL;ABAIXO
2,58875E+11;16-11-2017 14:30;16-11-2017 14:30;8;14;c - 12>16;MVTEL;ABAIXO
2,58875E+11;16-11-2017 14:15;16-11-2017 14:15;7;14;c - 12>16;MVTEL;ABAIXO
2,58875E+11;16-11-2017 14:00;16-11-2017 14:00;5;14;c - 12>16;MVTEL;ABAIXO
2,58875E+11;16-11-2017 13:45;16-11-2017 13:45;5;13;c - 12>16;MVTEL;ABAIXO
2,58875E+11;16-11-2017 13:30;16-11-2017 13:30;5;13;c - 12>16;MVTEL;ABAIXO
2,58875E+11;16-11-2017 13:15;16-11-2017 13:15;5;13;c - 12>16;MVTEL;ABAIXO
2,58875E+11;16-11-2017 13:00;16-11-2017 13:00;5;13;c - 12>16;MVTEL;ABAIXO
2,58875E+11;16-11-2017 12:45;16-11-2017 12:45;6;12;c - 12>16;MVTEL;ABAIXO
2,58875E+11;16-11-2017 12:30;16-11-2017 12:30;6;12;c - 12>16;MVTEL;ABAIXO
2,58875E+11;16-11-2017 12:15;16-11-2017 12:15;7;12;c - 12>16;MVTEL;ABAIXO
2,58875E+11;16-11-2017 12:00;16-11-2017 12:00;6;12;c - 12>16;MVTEL;ABAIXO
2,58875E+11;16-11-2017 11:45;16-11-2017 11:45;4;11;b - 7>12;MVTEL;ABAIXO
2,58875E+11;16-11-2017 11:30;16-11-2017 11:30;6;11;b - 7>12;MVTEL;ABAIXO
2,58875E+11;16-11-2017 11:15;16-11-2017 11:15;5;11;b - 7>12;MVTEL;ABAIXO
2,58875E+11;16-11-2017 11:00;16-11-2017 11:00;3;11;b - 7>12;MVTEL;ABAIXO
2,58875E+11;16-11-2017 10:45;16-11-2017 10:45;5;10;b - 7>12;MVTEL;ABAIXO
2,58875E+11;16-11-2017 10:30;16-11-2017 10:30;7;10;b - 7>12;MVTEL;ABAIXO
2,58875E+11;16-11-2017 10:15;16-11-2017 10:15;5;10;b - 7>12;MVTEL;ABAIXO
2,58875E+11;16-11-2017 10:00;16-11-2017 10:00;5;10;b - 7>12;MVTEL;ABAIXO
2,58875E+11;16-11-2017 09:45;16-11-2017 09:45;5;9;b - 7>12;MVTEL;ABAIXO
2,58875E+11;16-11-2017 09:30;16-11-2017 09:30;8;9;b - 7>12;MVTEL;ABAIXO
2,58875E+11;16-11-2017 09:15;16-11-2017 09:15;7;9;b - 7>12;MVTEL;ABAIXO
2,58875E+11;16-11-2017 09:00;16-11-2017 09:00;6;9;b - 7>12;MVTEL;ABAIXO
2,58875E+11;16-11-2017 08:45;16-11-2017 08:45;5;8;b - 7>12;MVTEL;ABAIXO
2,58875E+11;16-11-2017 08:30;16-11-2017 08:30;5;8;b - 7>12;MVTEL;ABAIXO
2,58875E+11;16-11-2017 08:15;16-11-2017 08:15;4;8;b - 7>12;MVTEL;ABAIXO
2,58875E+11;16-11-2017 08:00;16-11-2017 08:00;6;8;b - 7>12;MVTEL;ABAIXO
2,58875E+11;15-11-2017 19:45;15-11-2017 19:45;7;19;e - 18>22;MVTEL;ABAIXO
2,58875E+11;15-11-2017 19:30;15-11-2017 19:30;3;19;e - 18>22;MVTEL;ABAIXO
2,58875E+11;15-11-2017 19:15;15-11-2017 19:15;4;19;e - 18>22;MVTEL;ABAIXO
2,58875E+11;15-11-2017 19:00;15-11-2017 19:00;5;19;e - 18>22;MVTEL;ABAIXO
2,58875E+11;15-11-2017 18:45;15-11-2017 18:45;5;18;e - 18>22;MVTEL;ABAIXO
2,58875E+11;15-11-2017 18:30;15-11-2017 18:30;4;18;e - 18>22;MVTEL;ABAIXO
2,58875E+11;15-11-2017 18:15;15-11-2017 18:15;7;18;e - 18>22;MVTEL;ABAIXO
2,58875E+11;15-11-2017 18:00;15-11-2017 18:00;6;18;e - 18>22;MVTEL;ABAIXO
2,58875E+11;15-11-2017 17:45;15-11-2017 17:45;5;17;d - 16>18;MVTEL;ABAIXO
2,58875E+11;15-11-2017 17:30;15-11-2017 17:30;6;17;d - 16>18;MVTEL;ABAIXO
2,58875E+11;15-11-2017 17:15;15-11-2017 17:15;3;17;d - 16>18;MVTEL;ABAIXO
2,58875E+11;15-11-2017 17:00;15-11-2017 17:00;6;17;d - 16>18;MVTEL;ABAIXO
2,58875E+11;15-11-2017 16:45;15-11-2017 16:45;5;16;d - 16>18;MVTEL;ABAIXO
2,58875E+11;15-11-2017 16:30;15-11-2017 16:30;3;16;d - 16>18;MVTEL;ABAIXO
2,58875E+11;15-11-2017 16:15;15-11-2017 16:15;6;16;d - 16>18;MVTEL;ABAIXO
2,58875E+11;15-11-2017 16:00;15-11-2017 16:00;7;16;d - 16>18;MVTEL;ABAIXO
2,58875E+11;15-11-2017 15:45;15-11-2017 15:45;7;15;c - 12>16;MVTEL;ABAIXO
2,58875E+11;15-11-2017 15:30;15-11-2017 15:30;6;15;c - 12>16;MVTEL;ABAIXO
2,58875E+11;15-11-2017 15:15;15-11-2017 15:15;7;15;c - 12>16;MVTEL;ABAIXO
2,58875E+11;15-11-2017 15:00;15-11-2017 15:00;7;15;c - 12>16;MVTEL;ABAIXO
2,58875E+11;15-11-2017 14:45;15-11-2017 14:45;6;14;c - 12>16;MVTEL;ABAIXO
2,58875E+11;15-11-2017 14:30;15-11-2017 14:30;3;14;c - 12>16;MVTEL;ABAIXO
2,58875E+11;15-11-2017 14:15;15-11-2017 14:15;3;14;c - 12>16;MVTEL;ABAIXO
2,58875E+11;15-11-2017 14:00;15-11-2017 14:00;5;14;c - 12>16;MVTEL;ABAIXO
2,58875E+11;15-11-2017 13:45;15-11-2017 13:45;3;13;c - 12>16;MVTEL;ABAIXO
2,58875E+11;15-11-2017 13:30;15-11-2017 13:30;6;13;c - 12>16;MVTEL;ABAIXO
2,58875E+11;15-11-2017 13:15;15-11-2017 13:15;5;13;c - 12>16;MVTEL;ABAIXO
2,58875E+11;15-11-2017 13:00;15-11-2017 13:00;4;13;c - 12>16;MVTEL;ABAIXO
2,58875E+11;15-11-2017 12:45;15-11-2017 12:45;5;12;c - 12>16;MVTEL;ABAIXO
2,58875E+11;15-11-2017 12:30;15-11-2017 12:30;6;12;c - 12>16;MVTEL;ABAIXO
2,58875E+11;15-11-2017 12:15;15-11-2017 12:15;5;12;c - 12>16;MVTEL;ABAIXO
2,58875E+11;15-11-2017 12:00;15-11-2017 12:00;9;12;c - 12>16;MVTEL;ABAIXO
2,58875E+11;15-11-2017 11:45;15-11-2017 11:45;7;11;b - 7>12;MVTEL;ABAIXO
2,58875E+11;15-11-2017 11:30;15-11-2017 11:30;4;11;b - 7>12;MVTEL;ABAIXO
2,58875E+11;15-11-2017 11:15;15-11-2017 11:15;7;11;b - 7>12;MVTEL;ABAIXO
2,58875E+11;15-11-2017 11:00;15-11-2017 11:00;15;11;b - 7>12;MVTEL;ABAIXO
2,58875E+11;15-11-2017 10:45;15-11-2017 10:45;5;10;b - 7>12;MVTEL;ABAIXO
2,58875E+11;15-11-2017 10:30;15-11-2017 10:30;6;10;b - 7>12;MVTEL;ABAIXO
2,58875E+11;15-11-2017 10:15;15-11-2017 10:15;3;10;b - 7>12;MVTEL;ABAIXO
2,58875E+11;15-11-2017 10:00;15-11-2017 10:00;5;10;b - 7>12;MVTEL;ABAIXO
2,58875E+11;15-11-2017 09:45;15-11-2017 09:45;7;9;b - 7>12;MVTEL;ABAIXO
2,58875E+11;15-11-2017 09:30;15-11-2017 09:30;5;9;b - 7>12;MVTEL;ABAIXO
2,58875E+11;15-11-2017 09:15;15-11-2017 09:15;6;9;b - 7>12;MVTEL;ABAIXO
2,58875E+11;15-11-2017 09:00;15-11-2017 09:00;4;9;b - 7>12;MVTEL;ABAIXO
2,58875E+11;15-11-2017 08:45;15-11-2017 08:45;5;8;b - 7>12;MVTEL;ABAIXO
2,58875E+11;15-11-2017 08:30;15-11-2017 08:30;7;8;b - 7>12;MVTEL;ABAIXO
2,58875E+11;15-11-2017 08:15;15-11-2017 08:15;5;8;b - 7>12;MVTEL;ABAIXO
2,58875E+11;15-11-2017 08:00;15-11-2017 08:00;5;8;b - 7>12;MVTEL;ABAIXO
2,58875E+11;14-11-2017 19:45;14-11-2017 19:45;6;19;e - 18>22;MVTEL;ABAIXO
2,58875E+11;14-11-2017 19:30;14-11-2017 19:30;7;19;e - 18>22;MVTEL;ABAIXO
2,58875E+11;14-11-2017 19:15;14-11-2017 19:15;6;19;e - 18>22;MVTEL;ABAIXO
2,58875E+11;14-11-2017 19:00;14-11-2017 19:00;6;19;e - 18>22;MVTEL;ABAIXO
2,58875E+11;14-11-2017 18:45;14-11-2017 18:45;5;18;e - 18>22;MVTEL;ABAIXO
2,58875E+11;14-11-2017 18:30;14-11-2017 18:30;5;18;e - 18>22;MVTEL;ABAIXO
2,58875E+11;14-11-2017 18:15;14-11-2017 18:15;6;18;e - 18>22;MVTEL;ABAIXO
2,58875E+11;14-11-2017 18:00;14-11-2017 18:00;5;18;e - 18>22;MVTEL;ABAIXO
2,58875E+11;14-11-2017 17:45;14-11-2017 17:45;4;17;d - 16>18;MVTEL;ABAIXO
2,58875E+11;14-11-2017 17:30;14-11-2017 17:30;6;17;d - 16>18;MVTEL;ABAIXO
2,58875E+11;14-11-2017 17:15;14-11-2017 17:15;9;17;d - 16>18;MVTEL;ABAIXO
2,58875E+11;14-11-2017 17:00;14-11-2017 17:00;5;17;d - 16>18;MVTEL;ABAIXO
2,58875E+11;14-11-2017 16:45;14-11-2017 16:45;4;16;d - 16>18;MVTEL;ABAIXO
2,58875E+11;14-11-2017 16:30;14-11-2017 16:30;4;16;d - 16>18;MVTEL;ABAIXO
2,58875E+11;14-11-2017 16:15;14-11-2017 16:15;7;16;d - 16>18;MVTEL;ABAIXO
2,58875E+11;14-11-2017 16:00;14-11-2017 16:00;4;16;d - 16>18;MVTEL;ABAIXO
2,58875E+11;14-11-2017 15:45;14-11-2017 15:45;5;15;c - 12>16;MVTEL;ABAIXO
2,58875E+11;14-11-2017 15:30;14-11-2017 15:30;3;15;c - 12>16;MVTEL;ABAIXO
2,58875E+11;14-11-2017 15:15;14-11-2017 15:15;5;15;c - 12>16;MVTEL;ABAIXO
2,58875E+11;14-11-2017 15:00;14-11-2017 15:00;7;15;c - 12>16;MVTEL;ABAIXO
2,58875E+11;14-11-2017 14:45;14-11-2017 14:45;6;14;c - 12>16;MVTEL;ABAIXO
2,58875E+11;14-11-2017 14:30;14-11-2017 14:30;6;14;c - 12>16;MVTEL;ABAIXO
2,58875E+11;14-11-2017 14:15;14-11-2017 14:15;13;14;c - 12>16;MVTEL;ABAIXO
2,58875E+11;14-11-2017 14:00;14-11-2017 14:00;8;14;c - 12>16;MVTEL;ABAIXO
2,58875E+11;14-11-2017 13:45;14-11-2017 13:45;5;13;c - 12>16;MVTEL;ABAIXO
2,58875E+11;14-11-2017 13:30;14-11-2017 13:30;6;13;c - 12>16;MVTEL;ABAIXO
2,58875E+11;14-11-2017 13:15;14-11-2017 13:15;5;13;c - 12>16;MVTEL;ABAIXO
2,58875E+11;14-11-2017 13:00;14-11-2017 13:00;4;13;c - 12>16;MVTEL;ABAIXO
2,58875E+11;14-11-2017 12:45;14-11-2017 12:45;4;12;c - 12>16;MVTEL;ABAIXO
2,58875E+11;14-11-2017 12:30;14-11-2017 12:30;6;12;c - 12>16;MVTEL;ABAIXO
2,58875E+11;14-11-2017 12:15;14-11-2017 12:15;5;12;c - 12>16;MVTEL;ABAIXO
2,58875E+11;14-11-2017 12:00;14-11-2017 12:00;6;12;c - 12>16;MVTEL;ABAIXO
2,58875E+11;14-11-2017 11:45;14-11-2017 11:45;7;11;b - 7>12;MVTEL;ABAIXO
2,58875E+11;14-11-2017 11:30;14-11-2017 11:30;5;11;b - 7>12;MVTEL;ABAIXO
2,58875E+11;14-11-2017 11:15;14-11-2017 11:15;6;11;b - 7>12;MVTEL;ABAIXO
2,58875E+11;14-11-2017 11:00;14-11-2017 11:00;7;11;b - 7>12;MVTEL;ABAIXO
2,58875E+11;14-11-2017 10:45;14-11-2017 10:45;3;10;b - 7>12;MVTEL;ABAIXO
2,58875E+11;14-11-2017 10:30;14-11-2017 10:30;4;10;b - 7>12;MVTEL;ABAIXO
2,58875E+11;14-11-2017 10:15;14-11-2017 10:15;4;10;b - 7>12;MVTEL;ABAIXO
2,58875E+11;14-11-2017 10:00;14-11-2017 10:00;3;10;b - 7>12;MVTEL;ABAIXO
2,58875E+11;14-11-2017 09:45;14-11-2017 09:45;5;9;b - 7>12;MVTEL;ABAIXO
2,58875E+11;14-11-2017 09:30;14-11-2017 09:30;7;9;b - 7>12;MVTEL;ABAIXO
2,58875E+11;14-11-2017 09:15;14-11-2017 09:15;5;9;b - 7>12;MVTEL;ABAIXO
2,58875E+11;14-11-2017 09:00;14-11-2017 09:00;5;9;b - 7>12;MVTEL;ABAIXO
2,58875E+11;14-11-2017 08:45;14-11-2017 08:45;6;8;b - 7>12;MVTEL;ABAIXO
2,58875E+11;14-11-2017 08:30;14-11-2017 08:30;4;8;b - 7>12;MVTEL;ABAIXO
2,58875E+11;14-11-2017 08:15;14-11-2017 08:15;7;8;b - 7>12;MVTEL;ABAIXO
2,58875E+11;14-11-2017 08:00;14-11-2017 08:00;4;8;b - 7>12;MVTEL;ABAIXO
2,58875E+11;13-11-2017 19:45;13-11-2017 19:45;6;19;e - 18>22;MVTEL;ABAIXO
2,58875E+11;13-11-2017 19:30;13-11-2017 19:30;3;19;e - 18>22;MVTEL;ABAIXO
2,58875E+11;13-11-2017 19:15;13-11-2017 19:15;9;19;e - 18>22;MVTEL;ABAIXO
2,58875E+11;13-11-2017 19:00;13-11-2017 19:00;6;19;e - 18>22;MVTEL;ABAIXO
2,58875E+11;13-11-2017 18:45;13-11-2017 18:45;5;18;e - 18>22;MVTEL;ABAIXO
2,58875E+11;13-11-2017 18:30;13-11-2017 18:30;4;18;e - 18>22;MVTEL;ABAIXO
2,58875E+11;13-11-2017 18:15;13-11-2017 18:15;6;18;e - 18>22;MVTEL;ABAIXO
2,58875E+11;13-11-2017 18:00;13-11-2017 18:00;5;18;e - 18>22;MVTEL;ABAIXO
2,58875E+11;13-11-2017 17:45;13-11-2017 17:45;8;17;d - 16>18;MVTEL;ABAIXO
2,58875E+11;13-11-2017 17:30;13-11-2017 17:30;6;17;d - 16>18;MVTEL;ABAIXO
2,58875E+11;13-11-2017 17:15;13-11-2017 17:15;7;17;d - 16>18;MVTEL;ABAIXO
2,58875E+11;13-11-2017 17:00;13-11-2017 17:00;5;17;d - 16>18;MVTEL;ABAIXO
2,58875E+11;13-11-2017 16:45;13-11-2017 16:45;4;16;d - 16>18;MVTEL;ABAIXO
2,58875E+11;13-11-2017 16:30;13-11-2017 16:30;5;16;d - 16>18;MVTEL;ABAIXO
2,58875E+11;13-11-2017 16:15;13-11-2017 16:15;9;16;d - 16>18;MVTEL;ABAIXO
2,58875E+11;13-11-2017 16:00;13-11-2017 16:00;9;16;d - 16>18;MVTEL;ABAIXO
2,58875E+11;13-11-2017 15:45;13-11-2017 15:45;8;15;c - 12>16;MVTEL;ABAIXO
2,58875E+11;13-11-2017 15:30;13-11-2017 15:30;6;15;c - 12>16;MVTEL;ABAIXO
2,58875E+11;13-11-2017 15:15;13-11-2017 15:15;5;15;c - 12>16;MVTEL;ABAIXO
2,58875E+11;13-11-2017 15:00;13-11-2017 15:00;5;15;c - 12>16;MVTEL;ABAIXO
2,58875E+11;13-11-2017 14:45;13-11-2017 14:45;4;14;c - 12>16;MVTEL;ABAIXO
2,58875E+11;13-11-2017 14:30;13-11-2017 14:30;5;14;c - 12>16;MVTEL;ABAIXO
2,58875E+11;13-11-2017 14:15;13-11-2017 14:15;5;14;c - 12>16;MVTEL;ABAIXO
2,58875E+11;13-11-2017 14:00;13-11-2017 14:00;7;14;c - 12>16;MVTEL;ABAIXO
2,58875E+11;13-11-2017 13:45;13-11-2017 13:45;7;13;c - 12>16;MVTEL;ABAIXO
2,58875E+11;13-11-2017 13:30;13-11-2017 13:30;5;13;c - 12>16;MVTEL;ABAIXO
2,58875E+11;13-11-2017 13:15;13-11-2017 13:15;7;13;c - 12>16;MVTEL;ABAIXO
2,58875E+11;13-11-2017 13:00;13-11-2017 13:00;4;13;c - 12>16;MVTEL;ABAIXO
2,58875E+11;13-11-2017 12:45;13-11-2017 12:45;4;12;c - 12>16;MVTEL;ABAIXO
2,58875E+11;13-11-2017 12:30;13-11-2017 12:30;5;12;c - 12>16;MVTEL;ABAIXO
2,58875E+11;13-11-2017 12:15;13-11-2017 12:15;5;12;c - 12>16;MVTEL;ABAIXO
2,58875E+11;13-11-2017 12:00;13-11-2017 12:00;3;12;c - 12>16;MVTEL;ABAIXO
2,58875E+11;13-11-2017 11:45;13-11-2017 11:45;4;11;b - 7>12;MVTEL;ABAIXO
2,58875E+11;13-11-2017 11:30;13-11-2017 11:30;6;11;b - 7>12;MVTEL;ABAIXO
2,58875E+11;13-11-2017 11:15;13-11-2017 11:15;19;11;b - 7>12;MVTEL;ABAIXO
2,58875E+11;13-11-2017 11:00;13-11-2017 11:00;4;11;b - 7>12;MVTEL;ABAIXO
2,58875E+11;13-11-2017 10:45;13-11-2017 10:45;6;10;b - 7>12;MVTEL;ABAIXO
2,58875E+11;13-11-2017 10:30;13-11-2017 10:30;4;10;b - 7>12;MVTEL;ABAIXO
2,58875E+11;13-11-2017 10:15;13-11-2017 10:15;3;10;b - 7>12;MVTEL;ABAIXO
2,58875E+11;13-11-2017 10:00;13-11-2017 10:00;6;10;b - 7>12;MVTEL;ABAIXO
2,58875E+11;13-11-2017 09:45;13-11-2017 09:45;3;9;b - 7>12;MVTEL;ABAIXO
2,58875E+11;13-11-2017 09:30;13-11-2017 09:30;6;9;b - 7>12;MVTEL;ABAIXO
2,58875E+11;13-11-2017 09:15;13-11-2017 09:15;6;9;b - 7>12;MVTEL;ABAIXO
2,58875E+11;13-11-2017 09:00;13-11-2017 09:00;4;9;b - 7>12;MVTEL;ABAIXO
2,58875E+11;13-11-2017 08:45;13-11-2017 08:45;5;8;b - 7>12;MVTEL;ABAIXO
2,58875E+11;13-11-2017 08:30;13-11-2017 08:30;6;8;b - 7>12;MVTEL;ABAIXO
2,58875E+11;13-11-2017 08:15;13-11-2017 08:15;3;8;b - 7>12;MVTEL;ABAIXO
2,58875E+11;13-11-2017 08:00;13-11-2017 08:00;4;8;b - 7>12;MVTEL;ABAIXO
2,58875E+11;12-11-2017 19:45;12-11-2017 19:45;4;19;e - 18>22;MVTEL;ABAIXO
2,58875E+11;12-11-2017 19:30;12-11-2017 19:30;4;19;e - 18>22;MVTEL;ABAIXO
2,58875E+11;12-11-2017 19:15;12-11-2017 19:15;4;19;e - 18>22;MVTEL;ABAIXO
2,58875E+11;12-11-2017 19:00;12-11-2017 19:00;5;19;e - 18>22;MVTEL;ABAIXO
2,58875E+11;12-11-2017 18:45;12-11-2017 18:45;6;18;e - 18>22;MVTEL;ABAIXO
2,58875E+11;12-11-2017 18:30;12-11-2017 18:30;5;18;e - 18>22;MVTEL;ABAIXO
2,58875E+11;12-11-2017 18:15;12-11-2017 18:15;6;18;e - 18>22;MVTEL;ABAIXO
2,58875E+11;12-11-2017 18:00;12-11-2017 18:00;5;18;e - 18>22;MVTEL;ABAIXO
2,58875E+11;12-11-2017 17:45;12-11-2017 17:45;6;17;d - 16>18;MVTEL;ABAIXO
2,58875E+11;12-11-2017 17:30;12-11-2017 17:30;6;17;d - 16>18;MVTEL;ABAIXO
2,58875E+11;12-11-2017 17:15;12-11-2017 17:15;5;17;d - 16>18;MVTEL;ABAIXO
2,58875E+11;12-11-2017 17:00;12-11-2017 17:00;9;17;d - 16>18;MVTEL;ABAIXO
2,58875E+11;12-11-2017 16:45;12-11-2017 16:45;5;16;d - 16>18;MVTEL;ABAIXO
2,58875E+11;12-11-2017 16:30;12-11-2017 16:30;3;16;d - 16>18;MVTEL;ABAIXO
2,58875E+11;12-11-2017 16:15;12-11-2017 16:15;6;16;d - 16>18;MVTEL;ABAIXO
2,58875E+11;12-11-2017 16:00;12-11-2017 16:00;4;16;d - 16>18;MVTEL;ABAIXO
2,58875E+11;12-11-2017 15:45;12-11-2017 15:45;4;15;c - 12>16;MVTEL;ABAIXO
2,58875E+11;12-11-2017 15:30;12-11-2017 15:30;4;15;c - 12>16;MVTEL;ABAIXO
2,58875E+11;12-11-2017 15:15;12-11-2017 15:15;5;15;c - 12>16;MVTEL;ABAIXO
2,58875E+11;12-11-2017 15:00;12-11-2017 15:00;4;15;c - 12>16;MVTEL;ABAIXO
2,58875E+11;12-11-2017 14:45;12-11-2017 14:45;7;14;c - 12>16;MVTEL;ABAIXO
2,58875E+11;12-11-2017 14:30;12-11-2017 14:30;6;14;c - 12>16;MVTEL;ABAIXO
2,58875E+11;12-11-2017 14:15;12-11-2017 14:15;6;14;c - 12>16;MVTEL;ABAIXO
2,58875E+11;12-11-2017 14:00;12-11-2017 14:00;6;14;c - 12>16;MVTEL;ABAIXO
2,58875E+11;12-11-2017 13:45;12-11-2017 13:45;4;13;c - 12>16;MVTEL;ABAIXO
2,58875E+11;12-11-2017 13:30;12-11-2017 13:30;7;13;c - 12>16;MVTEL;ABAIXO
2,58875E+11;12-11-2017 13:15;12-11-2017 13:15;5;13;c - 12>16;MVTEL;ABAIXO
2,58875E+11;12-11-2017 13:00;12-11-2017 13:00;4;13;c - 12>16;MVTEL;ABAIXO
2,58875E+11;12-11-2017 12:45;12-11-2017 12:45;5;12;c - 12>16;MVTEL;ABAIXO
2,58875E+11;12-11-2017 12:30;12-11-2017 12:30;5;12;c - 12>16;MVTEL;ABAIXO
2,58875E+11;12-11-2017 12:15;12-11-2017 12:15;4;12;c - 12>16;MVTEL;ABAIXO
2,58875E+11;12-11-2017 12:00;12-11-2017 12:00;8;12;c - 12>16;MVTEL;ABAIXO
2,58875E+11;12-11-2017 11:45;12-11-2017 11:45;6;11;b - 7>12;MVTEL;ABAIXO
2,58875E+11;12-11-2017 11:30;12-11-2017 11:30;6;11;b - 7>12;MVTEL;ABAIXO
2,58875E+11;12-11-2017 11:15;12-11-2017 11:15;5;11;b - 7>12;MVTEL;ABAIXO
2,58875E+11;12-11-2017 11:00;12-11-2017 11:00;4;11;b - 7>12;MVTEL;ABAIXO
2,58875E+11;12-11-2017 10:45;12-11-2017 10:45;5;10;b - 7>12;MVTEL;ABAIXO
2,58875E+11;12-11-2017 10:30;12-11-2017 10:30;6;10;b - 7>12;MVTEL;ABAIXO
2,58875E+11;12-11-2017 10:15;12-11-2017 10:15;4;10;b - 7>12;MVTEL;ABAIXO
2,58875E+11;12-11-2017 10:00;12-11-2017 10:00;5;10;b - 7>12;MVTEL;ABAIXO
2,58875E+11;12-11-2017 09:45;12-11-2017 09:45;6;9;b - 7>12;MVTEL;ABAIXO
2,58875E+11;12-11-2017 09:30;12-11-2017 09:30;5;9;b - 7>12;MVTEL;ABAIXO
2,58875E+11;12-11-2017 09:15;12-11-2017 09:15;4;9;b - 7>12;MVTEL;ABAIXO
2,58875E+11;12-11-2017 09:00;12-11-2017 09:00;4;9;b - 7>12;MVTEL;ABAIXO
2,58875E+11;12-11-2017 08:45;12-11-2017 08:45;5;8;b - 7>12;MVTEL;ABAIXO
2,58875E+11;12-11-2017 08:30;12-11-2017 08:30;7;8;b - 7>12;MVTEL;ABAIXO
2,58875E+11;12-11-2017 08:15;12-11-2017 08:15;4;8;b - 7>12;MVTEL;ABAIXO
2,58875E+11;12-11-2017 08:00;12-11-2017 08:00;6;8;b - 7>12;MVTEL;ABAIXO
2,58875E+11;11-11-2017 19:45;11-11-2017 19:45;7;19;e - 18>22;MVTEL;ABAIXO
2,58875E+11;11-11-2017 19:30;11-11-2017 19:30;3;19;e - 18>22;MVTEL;ABAIXO
2,58875E+11;11-11-2017 19:15;11-11-2017 19:15;6;19;e - 18>22;MVTEL;ABAIXO
2,58875E+11;11-11-2017 19:00;11-11-2017 19:00;6;19;e - 18>22;MVTEL;ABAIXO
2,58875E+11;11-11-2017 18:45;11-11-2017 18:45;5;18;e - 18>22;MVTEL;ABAIXO
2,58875E+11;11-11-2017 18:30;11-11-2017 18:30;4;18;e - 18>22;MVTEL;ABAIXO
2,58875E+11;11-11-2017 18:15;11-11-2017 18:15;5;18;e - 18>22;MVTEL;ABAIXO
2,58875E+11;11-11-2017 18:00;11-11-2017 18:00;5;18;e - 18>22;MVTEL;ABAIXO
2,58875E+11;11-11-2017 17:45;11-11-2017 17:45;5;17;d - 16>18;MVTEL;ABAIXO
2,58875E+11;11-11-2017 17:30;11-11-2017 17:30;3;17;d - 16>18;MVTEL;ABAIXO
2,58875E+11;11-11-2017 17:15;11-11-2017 17:15;6;17;d - 16>18;MVTEL;ABAIXO
2,58875E+11;11-11-2017 17:00;11-11-2017 17:00;4;17;d - 16>18;MVTEL;ABAIXO
2,58875E+11;11-11-2017 16:45;11-11-2017 16:45;6;16;d - 16>18;MVTEL;ABAIXO
2,58875E+11;11-11-2017 16:30;11-11-2017 16:30;5;16;d - 16>18;MVTEL;ABAIXO
2,58875E+11;11-11-2017 16:15;11-11-2017 16:15;6;16;d - 16>18;MVTEL;ABAIXO
2,58875E+11;11-11-2017 16:00;11-11-2017 16:00;7;16;d - 16>18;MVTEL;ABAIXO
2,58875E+11;11-11-2017 15:45;11-11-2017 15:45;6;15;c - 12>16;MVTEL;ABAIXO
2,58875E+11;11-11-2017 15:30;11-11-2017 15:30;5;15;c - 12>16;MVTEL;ABAIXO
2,58875E+11;11-11-2017 15:15;11-11-2017 15:15;6;15;c - 12>16;MVTEL;ABAIXO
2,58875E+11;11-11-2017 15:00;11-11-2017 15:00;4;15;c - 12>16;MVTEL;ABAIXO
2,58875E+11;11-11-2017 14:45;11-11-2017 14:45;6;14;c - 12>16;MVTEL;ABAIXO
2,58875E+11;11-11-2017 14:30;11-11-2017 14:30;3;14;c - 12>16;MVTEL;ABAIXO
2,58875E+11;11-11-2017 14:15;11-11-2017 14:15;6;14;c - 12>16;MVTEL;ABAIXO
2,58875E+11;11-11-2017 14:00;11-11-2017 14:00;5;14;c - 12>16;MVTEL;ABAIXO
2,58875E+11;11-11-2017 13:45;11-11-2017 13:45;6;13;c - 12>16;MVTEL;ABAIXO
2,58875E+11;11-11-2017 13:30;11-11-2017 13:30;4;13;c - 12>16;MVTEL;ABAIXO
2,58875E+11;11-11-2017 13:15;11-11-2017 13:15;3;13;c - 12>16;MVTEL;ABAIXO
2,58875E+11;11-11-2017 13:00;11-11-2017 13:00;5;13;c - 12>16;MVTEL;ABAIXO
2,58875E+11;11-11-2017 12:45;11-11-2017 12:45;8;12;c - 12>16;MVTEL;ABAIXO
2,58875E+11;11-11-2017 12:30;11-11-2017 12:30;6;12;c - 12>16;MVTEL;ABAIXO
2,58875E+11;11-11-2017 12:15;11-11-2017 12:15;5;12;c - 12>16;MVTEL;ABAIXO
2,58875E+11;11-11-2017 12:00;11-11-2017 12:00;5;12;c - 12>16;MVTEL;ABAIXO
2,58875E+11;11-11-2017 11:45;11-11-2017 11:45;5;11;b - 7>12;MVTEL;ABAIXO
2,58875E+11;11-11-2017 11:30;11-11-2017 11:30;5;11;b - 7>12;MVTEL;ABAIXO
2,58875E+11;11-11-2017 11:15;11-11-2017 11:15;6;11;b - 7>12;MVTEL;ABAIXO
2,58875E+11;11-11-2017 11:00;11-11-2017 11:00;7;11;b - 7>12;MVTEL;ABAIXO
2,58875E+11;11-11-2017 10:45;11-11-2017 10:45;5;10;b - 7>12;MVTEL;ABAIXO
2,58875E+11;11-11-2017 10:30;11-11-2017 10:30;7;10;b - 7>12;MVTEL;ABAIXO
2,58875E+11;11-11-2017 10:15;11-11-2017 10:15;15;10;b - 7>12;MVTEL;ABAIXO
2,58875E+11;11-11-2017 10:00;11-11-2017 10:00;8;10;b - 7>12;MVTEL;ABAIXO
2,58875E+11;11-11-2017 09:45;11-11-2017 09:45;6;9;b - 7>12;MVTEL;ABAIXO
2,58875E+11;11-11-2017 09:30;11-11-2017 09:30;6;9;b - 7>12;MVTEL;ABAIXO
2,58875E+11;11-11-2017 09:15;11-11-2017 09:15;6;9;b - 7>12;MVTEL;ABAIXO
2,58875E+11;11-11-2017 09:00;11-11-2017 09:00;7;9;b - 7>12;MVTEL;ABAIXO
2,58875E+11;11-11-2017 08:45;11-11-2017 08:45;4;8;b - 7>12;MVTEL;ABAIXO
2,58875E+11;11-11-2017 08:30;11-11-2017 08:30;7;8;b - 7>12;MVTEL;ABAIXO
2,58875E+11;11-11-2017 08:15;11-11-2017 08:15;8;8;b - 7>12;MVTEL;ABAIXO
2,58875E+11;11-11-2017 08:00;11-11-2017 08:00;3;8;b - 7>12;MVTEL;ABAIXO
2,58875E+11;10-11-2017 19:45;10-11-2017 19:45;4;19;e - 18>22;MVTEL;ABAIXO
2,58875E+11;10-11-2017 19:30;10-11-2017 19:30;3;19;e - 18>22;MVTEL;ABAIXO
2,58875E+11;10-11-2017 19:15;10-11-2017 19:15;4;19;e - 18>22;MVTEL;ABAIXO
2,58875E+11;10-11-2017 19:00;10-11-2017 19:00;7;19;e - 18>22;MVTEL;ABAIXO
2,58875E+11;10-11-2017 18:45;10-11-2017 18:45;6;18;e - 18>22;MVTEL;ABAIXO
2,58875E+11;10-11-2017 18:30;10-11-2017 18:30;6;18;e - 18>22;MVTEL;ABAIXO
2,58875E+11;10-11-2017 18:15;10-11-2017 18:15;5;18;e - 18>22;MVTEL;ABAIXO
2,58875E+11;10-11-2017 18:00;10-11-2017 18:00;4;18;e - 18>22;MVTEL;ABAIXO
2,58875E+11;10-11-2017 17:45;10-11-2017 17:45;7;17;d - 16>18;MVTEL;ABAIXO
2,58875E+11;10-11-2017 17:30;10-11-2017 17:30;5;17;d - 16>18;MVTEL;ABAIXO
2,58875E+11;10-11-2017 17:15;10-11-2017 17:15;7;17;d - 16>18;MVTEL;ABAIXO
2,58875E+11;10-11-2017 17:00;10-11-2017 17:00;5;17;d - 16>18;MVTEL;ABAIXO
2,58875E+11;10-11-2017 16:45;10-11-2017 16:45;6;16;d - 16>18;MVTEL;ABAIXO
2,58875E+11;10-11-2017 16:30;10-11-2017 16:30;5;16;d - 16>18;MVTEL;ABAIXO
2,58875E+11;10-11-2017 16:15;10-11-2017 16:15;6;16;d - 16>18;MVTEL;ABAIXO
2,58875E+11;10-11-2017 16:00;10-11-2017 16:00;6;16;d - 16>18;MVTEL;ABAIXO
2,58875E+11;10-11-2017 15:45;10-11-2017 15:45;5;15;c - 12>16;MVTEL;ABAIXO
2,58875E+11;10-11-2017 15:30;10-11-2017 15:30;7;15;c - 12>16;MVTEL;ABAIXO
2,58875E+11;10-11-2017 15:15;10-11-2017 15:15;3;15;c - 12>16;MVTEL;ABAIXO
2,58875E+11;10-11-2017 15:00;10-11-2017 15:00;8;15;c - 12>16;MVTEL;ABAIXO
2,58875E+11;10-11-2017 14:45;10-11-2017 14:45;4;14;c - 12>16;MVTEL;ABAIXO
2,58875E+11;10-11-2017 14:30;10-11-2017 14:30;5;14;c - 12>16;MVTEL;ABAIXO
2,58875E+11;10-11-2017 14:15;10-11-2017 14:15;6;14;c - 12>16;MVTEL;ABAIXO
2,58875E+11;10-11-2017 14:00;10-11-2017 14:00;5;14;c - 12>16;MVTEL;ABAIXO
2,58875E+11;10-11-2017 13:45;10-11-2017 13:45;6;13;c - 12>16;MVTEL;ABAIXO
2,58875E+11;10-11-2017 13:30;10-11-2017 13:30;6;13;c - 12>16;MVTEL;ABAIXO
2,58875E+11;10-11-2017 13:15;10-11-2017 13:15;4;13;c - 12>16;MVTEL;ABAIXO
2,58875E+11;10-11-2017 13:00;10-11-2017 13:00;6;13;c - 12>16;MVTEL;ABAIXO
2,58875E+11;10-11-2017 12:45;10-11-2017 12:45;4;12;c - 12>16;MVTEL;ABAIXO
2,58875E+11;10-11-2017 12:30;10-11-2017 12:30;6;12;c - 12>16;MVTEL;ABAIXO
2,58875E+11;10-11-2017 12:15;10-11-2017 12:15;5;12;c - 12>16;MVTEL;ABAIXO
2,58875E+11;10-11-2017 12:00;10-11-2017 12:00;4;12;c - 12>16;MVTEL;ABAIXO
2,58875E+11;10-11-2017 11:45;10-11-2017 11:45;4;11;b - 7>12;MVTEL;ABAIXO
2,58875E+11;10-11-2017 11:30;10-11-2017 11:30;6;11;b - 7>12;MVTEL;ABAIXO
2,58875E+11;10-11-2017 11:15;10-11-2017 11:15;5;11;b - 7>12;MVTEL;ABAIXO
2,58875E+11;10-11-2017 11:00;10-11-2017 11:00;5;11;b - 7>12;MVTEL;ABAIXO
2,58875E+11;10-11-2017 10:45;10-11-2017 10:45;5;10;b - 7>12;MVTEL;ABAIXO
2,58875E+11;10-11-2017 10:30;10-11-2017 10:30;5;10;b - 7>12;MVTEL;ABAIXO
2,58875E+11;10-11-2017 10:15;10-11-2017 10:15;5;10;b - 7>12;MVTEL;ABAIXO
2,58875E+11;10-11-2017 10:00;10-11-2017 10:00;5;10;b - 7>12;MVTEL;ABAIXO
2,58875E+11;10-11-2017 09:45;10-11-2017 09:45;5;9;b - 7>12;MVTEL;ABAIXO
2,58875E+11;10-11-2017 09:30;10-11-2017 09:30;5;9;b - 7>12;MVTEL;ABAIXO
2,58875E+11;10-11-2017 09:15;10-11-2017 09:15;7;9;b - 7>12;MVTEL;ABAIXO
2,58875E+11;10-11-2017 09:00;10-11-2017 09:00;6;9;b - 7>12;MVTEL;ABAIXO
2,58875E+11;10-11-2017 08:45;10-11-2017 08:45;5;8;b - 7>12;MVTEL;ABAIXO
2,58875E+11;10-11-2017 08:30;10-11-2017 08:30;7;8;b - 7>12;MVTEL;ABAIXO
2,58875E+11;10-11-2017 08:15;10-11-2017 08:15;7;8;b - 7>12;MVTEL;ABAIXO
2,58875E+11;10-11-2017 08:00;10-11-2017 08:00;4;8;b - 7>12;MVTEL;ABAIXO
2,58875E+11;09-11-2017 19:45;09-11-2017 19:45;7;19;e - 18>22;MVTEL;ABAIXO
2,58875E+11;09-11-2017 19:30;09-11-2017 19:30;5;19;e - 18>22;MVTEL;ABAIXO
2,58875E+11;09-11-2017 19:15;09-11-2017 19:15;6;19;e - 18>22;MVTEL;ABAIXO
2,58875E+11;09-11-2017 19:00;09-11-2017 19:00;6;19;e - 18>22;MVTEL;ABAIXO
2,58875E+11;09-11-2017 18:45;09-11-2017 18:45;4;18;e - 18>22;MVTEL;ABAIXO
2,58875E+11;09-11-2017 18:30;09-11-2017 18:30;6;18;e - 18>22;MVTEL;ABAIXO
2,58875E+11;09-11-2017 18:15;09-11-2017 18:15;7;18;e - 18>22;MVTEL;ABAIXO
2,58875E+11;09-11-2017 18:00;09-11-2017 18:00;4;18;e - 18>22;MVTEL;ABAIXO
2,58875E+11;09-11-2017 17:45;09-11-2017 17:45;5;17;d - 16>18;MVTEL;ABAIXO
2,58875E+11;09-11-2017 17:30;09-11-2017 17:30;5;17;d - 16>18;MVTEL;ABAIXO
2,58875E+11;09-11-2017 17:15;09-11-2017 17:15;5;17;d - 16>18;MVTEL;ABAIXO
2,58875E+11;09-11-2017 17:00;09-11-2017 17:00;5;17;d - 16>18;MVTEL;ABAIXO
2,58875E+11;09-11-2017 16:45;09-11-2017 16:45;7;16;d - 16>18;MVTEL;ABAIXO
2,58875E+11;09-11-2017 16:30;09-11-2017 16:30;4;16;d - 16>18;MVTEL;ABAIXO
2,58875E+11;09-11-2017 16:15;09-11-2017 16:15;6;16;d - 16>18;MVTEL;ABAIXO
2,58875E+11;09-11-2017 16:00;09-11-2017 16:00;4;16;d - 16>18;MVTEL;ABAIXO
2,58875E+11;09-11-2017 15:45;09-11-2017 15:45;4;15;c - 12>16;MVTEL;ABAIXO
2,58875E+11;09-11-2017 15:30;09-11-2017 15:30;7;15;c - 12>16;MVTEL;ABAIXO
2,58875E+11;09-11-2017 15:15;09-11-2017 15:15;4;15;c - 12>16;MVTEL;ABAIXO
2,58875E+11;09-11-2017 15:00;09-11-2017 15:00;4;15;c - 12>16;MVTEL;ABAIXO
2,58875E+11;09-11-2017 14:45;09-11-2017 14:45;6;14;c - 12>16;MVTEL;ABAIXO
2,58875E+11;09-11-2017 14:30;09-11-2017 14:30;6;14;c - 12>16;MVTEL;ABAIXO
2,58875E+11;09-11-2017 14:15;09-11-2017 14:15;5;14;c - 12>16;MVTEL;ABAIXO
2,58875E+11;09-11-2017 14:00;09-11-2017 14:00;4;14;c - 12>16;MVTEL;ABAIXO
2,58875E+11;09-11-2017 13:45;09-11-2017 13:45;6;13;c - 12>16;MVTEL;ABAIXO
2,58875E+11;09-11-2017 13:30;09-11-2017 13:30;5;13;c - 12>16;MVTEL;ABAIXO
2,58875E+11;09-11-2017 13:15;09-11-2017 13:15;4;13;c - 12>16;MVTEL;ABAIXO
2,58875E+11;09-11-2017 13:00;09-11-2017 13:00;4;13;c - 12>16;MVTEL;ABAIXO
2,58875E+11;09-11-2017 12:45;09-11-2017 12:45;4;12;c - 12>16;MVTEL;ABAIXO
2,58875E+11;09-11-2017 12:30;09-11-2017 12:30;5;12;c - 12>16;MVTEL;ABAIXO
2,58875E+11;09-11-2017 12:15;09-11-2017 12:15;5;12;c - 12>16;MVTEL;ABAIXO
2,58875E+11;09-11-2017 12:00;09-11-2017 12:00;5;12;c - 12>16;MVTEL;ABAIXO
2,58875E+11;09-11-2017 11:45;09-11-2017 11:45;4;11;b - 7>12;MVTEL;ABAIXO
2,58875E+11;09-11-2017 11:30;09-11-2017 11:30;5;11;b - 7>12;MVTEL;ABAIXO
2,58875E+11;09-11-2017 11:15;09-11-2017 11:15;6;11;b - 7>12;MVTEL;ABAIXO
2,58875E+11;09-11-2017 11:00;09-11-2017 11:00;5;11;b - 7>12;MVTEL;ABAIXO
2,58875E+11;09-11-2017 10:45;09-11-2017 10:45;4;10;b - 7>12;MVTEL;ABAIXO
2,58875E+11;09-11-2017 10:30;09-11-2017 10:30;7;10;b - 7>12;MVTEL;ABAIXO
2,58875E+11;09-11-2017 10:15;09-11-2017 10:15;6;10;b - 7>12;MVTEL;ABAIXO
2,58875E+11;09-11-2017 10:00;09-11-2017 10:00;7;10;b - 7>12;MVTEL;ABAIXO
2,58875E+11;09-11-2017 09:45;09-11-2017 09:45;4;9;b - 7>12;MVTEL;ABAIXO
2,58875E+11;09-11-2017 09:30;09-11-2017 09:30;4;9;b - 7>12;MVTEL;ABAIXO
2,58875E+11;09-11-2017 09:15;09-11-2017 09:15;6;9;b - 7>12;MVTEL;ABAIXO
2,58875E+11;09-11-2017 09:00;09-11-2017 09:00;4;9;b - 7>12;MVTEL;ABAIXO
2,58875E+11;09-11-2017 08:45;09-11-2017 08:45;3;8;b - 7>12;MVTEL;ABAIXO
2,58875E+11;09-11-2017 08:30;09-11-2017 08:30;4;8;b - 7>12;MVTEL;ABAIXO
2,58875E+11;09-11-2017 08:15;09-11-2017 08:15;7;8;b - 7>12;MVTEL;ABAIXO
2,58875E+11;09-11-2017 08:00;09-11-2017 08:00;5;8;b - 7>12;MVTEL;ABAIXO
2,58875E+11;08-11-2017 19:45;08-11-2017 19:45;6;19;e - 18>22;MVTEL;ABAIXO
2,58875E+11;08-11-2017 19:30;08-11-2017 19:30;6;19;e - 18>22;MVTEL;ABAIXO
2,58875E+11;08-11-2017 19:15;08-11-2017 19:15;4;19;e - 18>22;MVTEL;ABAIXO
2,58875E+11;08-11-2017 19:00;08-11-2017 19:00;3;19;e - 18>22;MVTEL;ABAIXO
2,58875E+11;08-11-2017 18:45;08-11-2017 18:45;6;18;e - 18>22;MVTEL;ABAIXO
2,58875E+11;08-11-2017 18:30;08-11-2017 18:30;5;18;e - 18>22;MVTEL;ABAIXO
2,58875E+11;08-11-2017 18:15;08-11-2017 18:15;6;18;e - 18>22;MVTEL;ABAIXO
2,58875E+11;08-11-2017 18:00;08-11-2017 18:00;7;18;e - 18>22;MVTEL;ABAIXO
2,58875E+11;08-11-2017 17:45;08-11-2017 17:45;8;17;d - 16>18;MVTEL;ABAIXO
2,58875E+11;08-11-2017 17:30;08-11-2017 17:30;6;17;d - 16>18;MVTEL;ABAIXO
2,58875E+11;08-11-2017 17:15;08-11-2017 17:15;4;17;d - 16>18;MVTEL;ABAIXO
2,58875E+11;08-11-2017 17:00;08-11-2017 17:00;6;17;d - 16>18;MVTEL;ABAIXO
2,58875E+11;08-11-2017 16:45;08-11-2017 16:45;7;16;d - 16>18;MVTEL;ABAIXO
2,58875E+11;08-11-2017 16:30;08-11-2017 16:30;5;16;d - 16>18;MVTEL;ABAIXO
2,58875E+11;08-11-2017 16:15;08-11-2017 16:15;4;16;d - 16>18;MVTEL;ABAIXO
2,58875E+11;08-11-2017 16:00;08-11-2017 16:00;4;16;d - 16>18;MVTEL;ABAIXO
2,58875E+11;08-11-2017 15:45;08-11-2017 15:45;5;15;c - 12>16;MVTEL;ABAIXO
2,58875E+11;08-11-2017 15:30;08-11-2017 15:30;7;15;c - 12>16;MVTEL;ABAIXO
2,58875E+11;08-11-2017 15:15;08-11-2017 15:15;7;15;c - 12>16;MVTEL;ABAIXO
2,58875E+11;08-11-2017 15:00;08-11-2017 15:00;4;15;c - 12>16;MVTEL;ABAIXO
2,58875E+11;08-11-2017 14:45;08-11-2017 14:45;6;14;c - 12>16;MVTEL;ABAIXO
2,58875E+11;08-11-2017 14:30;08-11-2017 14:30;14;14;c - 12>16;MVTEL;ABAIXO
2,58875E+11;08-11-2017 14:15;08-11-2017 14:15;5;14;c - 12>16;MVTEL;ABAIXO
2,58875E+11;08-11-2017 14:00;08-11-2017 14:00;7;14;c - 12>16;MVTEL;ABAIXO
2,58875E+11;08-11-2017 13:45;08-11-2017 13:45;4;13;c - 12>16;MVTEL;ABAIXO
2,58875E+11;08-11-2017 13:30;08-11-2017 13:30;3;13;c - 12>16;MVTEL;ABAIXO
2,58875E+11;08-11-2017 13:15;08-11-2017 13:15;5;13;c - 12>16;MVTEL;ABAIXO
2,58875E+11;08-11-2017 13:00;08-11-2017 13:00;4;13;c - 12>16;MVTEL;ABAIXO
2,58875E+11;08-11-2017 12:45;08-11-2017 12:45;6;12;c - 12>16;MVTEL;ABAIXO
2,58875E+11;08-11-2017 12:30;08-11-2017 12:30;6;12;c - 12>16;MVTEL;ABAIXO
2,58875E+11;08-11-2017 12:15;08-11-2017 12:15;15;12;c - 12>16;MVTEL;ABAIXO
2,58875E+11;08-11-2017 12:00;08-11-2017 12:00;4;12;c - 12>16;MVTEL;ABAIXO
2,58875E+11;08-11-2017 11:45;08-11-2017 11:45;5;11;b - 7>12;MVTEL;ABAIXO
2,58875E+11;08-11-2017 11:30;08-11-2017 11:30;4;11;b - 7>12;MVTEL;ABAIXO
2,58875E+11;08-11-2017 11:15;08-11-2017 11:15;14;11;b - 7>12;MVTEL;ABAIXO
2,58875E+11;08-11-2017 11:00;08-11-2017 11:00;5;11;b - 7>12;MVTEL;ABAIXO
2,58875E+11;08-11-2017 10:45;08-11-2017 10:45;7;10;b - 7>12;MVTEL;ABAIXO
2,58875E+11;08-11-2017 10:30;08-11-2017 10:30;5;10;b - 7>12;MVTEL;ABAIXO
2,58875E+11;08-11-2017 10:15;08-11-2017 10:15;6;10;b - 7>12;MVTEL;ABAIXO
2,58875E+11;08-11-2017 10:00;08-11-2017 10:00;3;10;b - 7>12;MVTEL;ABAIXO
2,58875E+11;08-11-2017 09:45;08-11-2017 09:45;4;9;b - 7>12;MVTEL;ABAIXO
2,58875E+11;08-11-2017 09:30;08-11-2017 09:30;6;9;b - 7>12;MVTEL;ABAIXO
2,58875E+11;08-11-2017 09:15;08-11-2017 09:15;4;9;b - 7>12;MVTEL;ABAIXO
2,58875E+11;08-11-2017 09:00;08-11-2017 09:00;5;9;b - 7>12;MVTEL;ABAIXO
2,58875E+11;08-11-2017 08:45;08-11-2017 08:45;8;8;b - 7>12;MVTEL;ABAIXO
2,58875E+11;08-11-2017 08:30;08-11-2017 08:30;5;8;b - 7>12;MVTEL;ABAIXO
2,58875E+11;08-11-2017 08:15;08-11-2017 08:15;4;8;b - 7>12;MVTEL;ABAIXO
2,58875E+11;08-11-2017 08:00;08-11-2017 08:00;5;8;b - 7>12;MVTEL;ABAIXO
2,58875E+11;07-11-2017 19:45;07-11-2017 19:45;5;19;e - 18>22;MVTEL;ABAIXO
2,58875E+11;07-11-2017 19:30;07-11-2017 19:30;7;19;e - 18>22;MVTEL;ABAIXO
2,58875E+11;07-11-2017 19:15;07-11-2017 19:15;5;19;e - 18>22;MVTEL;ABAIXO
2,58875E+11;07-11-2017 19:00;07-11-2017 19:00;4;19;e - 18>22;MVTEL;ABAIXO
2,58875E+11;07-11-2017 18:45;07-11-2017 18:45;6;18;e - 18>22;MVTEL;ABAIXO
2,58875E+11;07-11-2017 18:30;07-11-2017 18:30;8;18;e - 18>22;MVTEL;ABAIXO
2,58875E+11;07-11-2017 18:15;07-11-2017 18:15;7;18;e - 18>22;MVTEL;ABAIXO
2,58875E+11;07-11-2017 18:00;07-11-2017 18:00;4;18;e - 18>22;MVTEL;ABAIXO
2,58875E+11;07-11-2017 17:45;07-11-2017 17:45;5;17;d - 16>18;MVTEL;ABAIXO
2,58875E+11;07-11-2017 17:30;07-11-2017 17:30;6;17;d - 16>18;MVTEL;ABAIXO
2,58875E+11;07-11-2017 17:15;07-11-2017 17:15;5;17;d - 16>18;MVTEL;ABAIXO
2,58875E+11;07-11-2017 17:00;07-11-2017 17:00;12;17;d - 16>18;MVTEL;ABAIXO
2,58875E+11;07-11-2017 16:45;07-11-2017 16:45;5;16;d - 16>18;MVTEL;ABAIXO
2,58875E+11;07-11-2017 16:30;07-11-2017 16:30;3;16;d - 16>18;MVTEL;ABAIXO
2,58875E+11;07-11-2017 16:15;07-11-2017 16:15;6;16;d - 16>18;MVTEL;ABAIXO
2,58875E+11;07-11-2017 16:00;07-11-2017 16:00;7;16;d - 16>18;MVTEL;ABAIXO
2,58875E+11;07-11-2017 15:45;07-11-2017 15:45;4;15;c - 12>16;MVTEL;ABAIXO
2,58875E+11;07-11-2017 15:30;07-11-2017 15:30;3;15;c - 12>16;MVTEL;ABAIXO
2,58875E+11;07-11-2017 15:15;07-11-2017 15:15;6;15;c - 12>16;MVTEL;ABAIXO
2,58875E+11;07-11-2017 15:00;07-11-2017 15:00;3;15;c - 12>16;MVTEL;ABAIXO
2,58875E+11;07-11-2017 14:45;07-11-2017 14:45;7;14;c - 12>16;MVTEL;ABAIXO
2,58875E+11;07-11-2017 14:30;07-11-2017 14:30;5;14;c - 12>16;MVTEL;ABAIXO
2,58875E+11;07-11-2017 14:15;07-11-2017 14:15;8;14;c - 12>16;MVTEL;ABAIXO
2,58875E+11;07-11-2017 14:00;07-11-2017 14:00;6;14;c - 12>16;MVTEL;ABAIXO
2,58875E+11;07-11-2017 13:45;07-11-2017 13:45;5;13;c - 12>16;MVTEL;ABAIXO
2,58875E+11;07-11-2017 13:30;07-11-2017 13:30;4;13;c - 12>16;MVTEL;ABAIXO
2,58875E+11;07-11-2017 13:15;07-11-2017 13:15;5;13;c - 12>16;MVTEL;ABAIXO
2,58875E+11;07-11-2017 13:00;07-11-2017 13:00;4;13;c - 12>16;MVTEL;ABAIXO
2,58875E+11;07-11-2017 12:45;07-11-2017 12:45;6;12;c - 12>16;MVTEL;ABAIXO
2,58875E+11;07-11-2017 12:30;07-11-2017 12:30;6;12;c - 12>16;MVTEL;ABAIXO
2,58875E+11;07-11-2017 12:15;07-11-2017 12:15;4;12;c - 12>16;MVTEL;ABAIXO
2,58875E+11;07-11-2017 12:00;07-11-2017 12:00;4;12;c - 12>16;MVTEL;ABAIXO
2,58875E+11;07-11-2017 11:45;07-11-2017 11:45;4;11;b - 7>12;MVTEL;ABAIXO
2,58875E+11;07-11-2017 11:30;07-11-2017 11:30;6;11;b - 7>12;MVTEL;ABAIXO
2,58875E+11;07-11-2017 11:15;07-11-2017 11:15;5;11;b - 7>12;MVTEL;ABAIXO
2,58875E+11;07-11-2017 11:00;07-11-2017 11:00;7;11;b - 7>12;MVTEL;ABAIXO
2,58875E+11;07-11-2017 10:45;07-11-2017 10:45;5;10;b - 7>12;MVTEL;ABAIXO
2,58875E+11;07-11-2017 10:30;07-11-2017 10:30;6;10;b - 7>12;MVTEL;ABAIXO
2,58875E+11;07-11-2017 10:15;07-11-2017 10:15;6;10;b - 7>12;MVTEL;ABAIXO
2,58875E+11;07-11-2017 10:00;07-11-2017 10:00;9;10;b - 7>12;MVTEL;ABAIXO
2,58875E+11;07-11-2017 09:45;07-11-2017 09:45;6;9;b - 7>12;MVTEL;ABAIXO
2,58875E+11;07-11-2017 09:30;07-11-2017 09:30;6;9;b - 7>12;MVTEL;ABAIXO
2,58875E+11;07-11-2017 09:15;07-11-2017 09:15;4;9;b - 7>12;MVTEL;ABAIXO
2,58875E+11;07-11-2017 09:00;07-11-2017 09:00;6;9;b - 7>12;MVTEL;ABAIXO
2,58875E+11;07-11-2017 08:45;07-11-2017 08:45;7;8;b - 7>12;MVTEL;ABAIXO
2,58875E+11;07-11-2017 08:30;07-11-2017 08:30;8;8;b - 7>12;MVTEL;ABAIXO
2,58875E+11;07-11-2017 08:15;07-11-2017 08:15;5;8;b - 7>12;MVTEL;ABAIXO
2,58875E+11;07-11-2017 08:00;07-11-2017 08:00;6;8;b - 7>12;MVTEL;ABAIXO
2,58875E+11;06-11-2017 19:45;06-11-2017 19:45;6;19;e - 18>22;MVTEL;ABAIXO
2,58875E+11;06-11-2017 19:30;06-11-2017 19:30;6;19;e - 18>22;MVTEL;ABAIXO
2,58875E+11;06-11-2017 19:15;06-11-2017 19:15;6;19;e - 18>22;MVTEL;ABAIXO
2,58875E+11;06-11-2017 19:00;06-11-2017 19:00;6;19;e - 18>22;MVTEL;ABAIXO
2,58875E+11;06-11-2017 18:45;06-11-2017 18:45;5;18;e - 18>22;MVTEL;ABAIXO
2,58875E+11;06-11-2017 18:30;06-11-2017 18:30;5;18;e - 18>22;MVTEL;ABAIXO
2,58875E+11;06-11-2017 18:15;06-11-2017 18:15;4;18;e - 18>22;MVTEL;ABAIXO
2,58875E+11;06-11-2017 18:00;06-11-2017 18:00;7;18;e - 18>22;MVTEL;ABAIXO
2,58875E+11;06-11-2017 17:45;06-11-2017 17:45;4;17;d - 16>18;MVTEL;ABAIXO
2,58875E+11;06-11-2017 17:30;06-11-2017 17:30;4;17;d - 16>18;MVTEL;ABAIXO
2,58875E+11;06-11-2017 17:15;06-11-2017 17:15;6;17;d - 16>18;MVTEL;ABAIXO
2,58875E+11;06-11-2017 17:00;06-11-2017 17:00;6;17;d - 16>18;MVTEL;ABAIXO
2,58875E+11;06-11-2017 16:45;06-11-2017 16:45;5;16;d - 16>18;MVTEL;ABAIXO
2,58875E+11;06-11-2017 16:30;06-11-2017 16:30;4;16;d - 16>18;MVTEL;ABAIXO
2,58875E+11;06-11-2017 16:15;06-11-2017 16:15;5;16;d - 16>18;MVTEL;ABAIXO
2,58875E+11;06-11-2017 16:00;06-11-2017 16:00;3;16;d - 16>18;MVTEL;ABAIXO
2,58875E+11;06-11-2017 15:45;06-11-2017 15:45;6;15;c - 12>16;MVTEL;ABAIXO
2,58875E+11;06-11-2017 15:30;06-11-2017 15:30;5;15;c - 12>16;MVTEL;ABAIXO
2,58875E+11;06-11-2017 15:15;06-11-2017 15:15;6;15;c - 12>16;MVTEL;ABAIXO
2,58875E+11;06-11-2017 15:00;06-11-2017 15:00;8;15;c - 12>16;MVTEL;ABAIXO
2,58875E+11;06-11-2017 14:45;06-11-2017 14:45;6;14;c - 12>16;MVTEL;ABAIXO
2,58875E+11;06-11-2017 14:30;06-11-2017 14:30;4;14;c - 12>16;MVTEL;ABAIXO
2,58875E+11;06-11-2017 14:15;06-11-2017 14:15;8;14;c - 12>16;MVTEL;ABAIXO
2,58875E+11;06-11-2017 14:00;06-11-2017 14:00;6;14;c - 12>16;MVTEL;ABAIXO
2,58875E+11;06-11-2017 13:45;06-11-2017 13:45;5;13;c - 12>16;MVTEL;ABAIXO
2,58875E+11;06-11-2017 13:30;06-11-2017 13:30;6;13;c - 12>16;MVTEL;ABAIXO
2,58875E+11;06-11-2017 13:15;06-11-2017 13:15;6;13;c - 12>16;MVTEL;ABAIXO
2,58875E+11;06-11-2017 13:00;06-11-2017 13:00;4;13;c - 12>16;MVTEL;ABAIXO
2,58875E+11;06-11-2017 12:45;06-11-2017 12:45;6;12;c - 12>16;MVTEL;ABAIXO
2,58875E+11;06-11-2017 12:30;06-11-2017 12:30;6;12;c - 12>16;MVTEL;ABAIXO
2,58875E+11;06-11-2017 12:15;06-11-2017 12:15;3;12;c - 12>16;MVTEL;ABAIXO
2,58875E+11;06-11-2017 12:00;06-11-2017 12:00;7;12;c - 12>16;MVTEL;ABAIXO
2,58875E+11;06-11-2017 11:45;06-11-2017 11:45;5;11;b - 7>12;MVTEL;ABAIXO
2,58875E+11;06-11-2017 11:30;06-11-2017 11:30;3;11;b - 7>12;MVTEL;ABAIXO
2,58875E+11;06-11-2017 11:15;06-11-2017 11:15;5;11;b - 7>12;MVTEL;ABAIXO
2,58875E+11;06-11-2017 11:00;06-11-2017 11:00;5;11;b - 7>12;MVTEL;ABAIXO
2,58875E+11;06-11-2017 10:45;06-11-2017 10:45;6;10;b - 7>12;MVTEL;ABAIXO
2,58875E+11;06-11-2017 10:30;06-11-2017 10:30;6;10;b - 7>12;MVTEL;ABAIXO
2,58875E+11;06-11-2017 10:15;06-11-2017 10:15;9;10;b - 7>12;MVTEL;ABAIXO
2,58875E+11;06-11-2017 10:00;06-11-2017 10:00;4;10;b - 7>12;MVTEL;ABAIXO
2,58875E+11;06-11-2017 09:45;06-11-2017 09:45;5;9;b - 7>12;MVTEL;ABAIXO
2,58875E+11;06-11-2017 09:30;06-11-2017 09:30;4;9;b - 7>12;MVTEL;ABAIXO
2,58875E+11;06-11-2017 09:15;06-11-2017 09:15;5;9;b - 7>12;MVTEL;ABAIXO
2,58875E+11;06-11-2017 09:00;06-11-2017 09:00;5;9;b - 7>12;MVTEL;ABAIXO
2,58875E+11;06-11-2017 08:45;06-11-2017 08:45;5;8;b - 7>12;MVTEL;ABAIXO
2,58875E+11;06-11-2017 08:30;06-11-2017 08:30;4;8;b - 7>12;MVTEL;ABAIXO
2,58875E+11;06-11-2017 08:15;06-11-2017 08:15;6;8;b - 7>12;MVTEL;ABAIXO
2,58875E+11;06-11-2017 08:00;06-11-2017 08:00;6;8;b - 7>12;MVTEL;ABAIXO
2,58875E+11;05-11-2017 19:45;05-11-2017 19:45;5;19;e - 18>22;MVTEL;ABAIXO
2,58875E+11;05-11-2017 19:30;05-11-2017 19:30;6;19;e - 18>22;MVTEL;ABAIXO
2,58875E+11;05-11-2017 19:15;05-11-2017 19:15;6;19;e - 18>22;MVTEL;ABAIXO
2,58875E+11;05-11-2017 19:00;05-11-2017 19:00;6;19;e - 18>22;MVTEL;ABAIXO
2,58875E+11;05-11-2017 18:45;05-11-2017 18:45;6;18;e - 18>22;MVTEL;ABAIXO
2,58875E+11;05-11-2017 18:30;05-11-2017 18:30;4;18;e - 18>22;MVTEL;ABAIXO
2,58875E+11;05-11-2017 18:15;05-11-2017 18:15;6;18;e - 18>22;MVTEL;ABAIXO
2,58875E+11;05-11-2017 18:00;05-11-2017 18:00;7;18;e - 18>22;MVTEL;ABAIXO
2,58875E+11;05-11-2017 17:45;05-11-2017 17:45;5;17;d - 16>18;MVTEL;ABAIXO
2,58875E+11;05-11-2017 17:30;05-11-2017 17:30;5;17;d - 16>18;MVTEL;ABAIXO
2,58875E+11;05-11-2017 17:15;05-11-2017 17:15;6;17;d - 16>18;MVTEL;ABAIXO
2,58875E+11;05-11-2017 17:00;05-11-2017 17:00;5;17;d - 16>18;MVTEL;ABAIXO
2,58875E+11;05-11-2017 16:45;05-11-2017 16:45;7;16;d - 16>18;MVTEL;ABAIXO
2,58875E+11;05-11-2017 16:30;05-11-2017 16:30;6;16;d - 16>18;MVTEL;ABAIXO
2,58875E+11;05-11-2017 16:15;05-11-2017 16:15;7;16;d - 16>18;MVTEL;ABAIXO
2,58875E+11;05-11-2017 16:00;05-11-2017 16:00;7;16;d - 16>18;MVTEL;ABAIXO
2,58875E+11;05-11-2017 15:45;05-11-2017 15:45;3;15;c - 12>16;MVTEL;ABAIXO
2,58875E+11;05-11-2017 15:30;05-11-2017 15:30;4;15;c - 12>16;MVTEL;ABAIXO
2,58875E+11;05-11-2017 15:15;05-11-2017 15:15;5;15;c - 12>16;MVTEL;ABAIXO
2,58875E+11;05-11-2017 15:00;05-11-2017 15:00;7;15;c - 12>16;MVTEL;ABAIXO
2,58875E+11;05-11-2017 14:45;05-11-2017 14:45;14;14;c - 12>16;MVTEL;ABAIXO
2,58875E+11;05-11-2017 14:30;05-11-2017 14:30;6;14;c - 12>16;MVTEL;ABAIXO
2,58875E+11;05-11-2017 14:15;05-11-2017 14:15;5;14;c - 12>16;MVTEL;ABAIXO
2,58875E+11;05-11-2017 14:00;05-11-2017 14:00;5;14;c - 12>16;MVTEL;ABAIXO
2,58875E+11;05-11-2017 13:45;05-11-2017 13:45;5;13;c - 12>16;MVTEL;ABAIXO
2,58875E+11;05-11-2017 13:30;05-11-2017 13:30;4;13;c - 12>16;MVTEL;ABAIXO
2,58875E+11;05-11-2017 13:15;05-11-2017 13:15;7;13;c - 12>16;MVTEL;ABAIXO
2,58875E+11;05-11-2017 13:00;05-11-2017 13:00;3;13;c - 12>16;MVTEL;ABAIXO
2,58875E+11;05-11-2017 12:45;05-11-2017 12:45;4;12;c - 12>16;MVTEL;ABAIXO
2,58875E+11;05-11-2017 12:30;05-11-2017 12:30;8;12;c - 12>16;MVTEL;ABAIXO
2,58875E+11;05-11-2017 12:15;05-11-2017 12:15;7;12;c - 12>16;MVTEL;ABAIXO
2,58875E+11;05-11-2017 12:00;05-11-2017 12:00;6;12;c - 12>16;MVTEL;ABAIXO
2,58875E+11;05-11-2017 11:45;05-11-2017 11:45;5;11;b - 7>12;MVTEL;ABAIXO
2,58875E+11;05-11-2017 11:30;05-11-2017 11:30;5;11;b - 7>12;MVTEL;ABAIXO
2,58875E+11;05-11-2017 11:15;05-11-2017 11:15;5;11;b - 7>12;MVTEL;ABAIXO
2,58875E+11;05-11-2017 11:00;05-11-2017 11:00;4;11;b - 7>12;MVTEL;ABAIXO
2,58875E+11;05-11-2017 10:45;05-11-2017 10:45;6;10;b - 7>12;MVTEL;ABAIXO
2,58875E+11;05-11-2017 10:30;05-11-2017 10:30;7;10;b - 7>12;MVTEL;ABAIXO
2,58875E+11;05-11-2017 10:15;05-11-2017 10:15;4;10;b - 7>12;MVTEL;ABAIXO
2,58875E+11;05-11-2017 10:00;05-11-2017 10:00;6;10;b - 7>12;MVTEL;ABAIXO
2,58875E+11;05-11-2017 09:45;05-11-2017 09:45;6;9;b - 7>12;MVTEL;ABAIXO
2,58875E+11;05-11-2017 09:30;05-11-2017 09:30;4;9;b - 7>12;MVTEL;ABAIXO
2,58875E+11;05-11-2017 09:15;05-11-2017 09:15;5;9;b - 7>12;MVTEL;ABAIXO
2,58875E+11;05-11-2017 09:00;05-11-2017 09:00;5;9;b - 7>12;MVTEL;ABAIXO
2,58875E+11;05-11-2017 08:45;05-11-2017 08:45;6;8;b - 7>12;MVTEL;ABAIXO
2,58875E+11;05-11-2017 08:30;05-11-2017 08:30;6;8;b - 7>12;MVTEL;ABAIXO
2,58875E+11;05-11-2017 08:15;05-11-2017 08:15;7;8;b - 7>12;MVTEL;ABAIXO
2,58875E+11;05-11-2017 08:00;05-11-2017 08:00;3;8;b - 7>12;MVTEL;ABAIXO
2,58875E+11;04-11-2017 19:45;04-11-2017 19:45;7;19;e - 18>22;MVTEL;ABAIXO
2,58875E+11;04-11-2017 19:30;04-11-2017 19:30;5;19;e - 18>22;MVTEL;ABAIXO
2,58875E+11;04-11-2017 19:15;04-11-2017 19:15;6;19;e - 18>22;MVTEL;ABAIXO
2,58875E+11;04-11-2017 19:00;04-11-2017 19:00;4;19;e - 18>22;MVTEL;ABAIXO
2,58875E+11;04-11-2017 18:45;04-11-2017 18:45;6;18;e - 18>22;MVTEL;ABAIXO
2,58875E+11;04-11-2017 18:30;04-11-2017 18:30;7;18;e - 18>22;MVTEL;ABAIXO
2,58875E+11;04-11-2017 18:15;04-11-2017 18:15;3;18;e - 18>22;MVTEL;ABAIXO
2,58875E+11;04-11-2017 18:00;04-11-2017 18:00;6;18;e - 18>22;MVTEL;ABAIXO
2,58875E+11;04-11-2017 17:45;04-11-2017 17:45;4;17;d - 16>18;MVTEL;ABAIXO
2,58875E+11;04-11-2017 17:30;04-11-2017 17:30;7;17;d - 16>18;MVTEL;ABAIXO
2,58875E+11;04-11-2017 17:15;04-11-2017 17:15;6;17;d - 16>18;MVTEL;ABAIXO
2,58875E+11;04-11-2017 17:00;04-11-2017 17:00;6;17;d - 16>18;MVTEL;ABAIXO
2,58875E+11;04-11-2017 16:45;04-11-2017 16:45;4;16;d - 16>18;MVTEL;ABAIXO
2,58875E+11;04-11-2017 16:30;04-11-2017 16:30;6;16;d - 16>18;MVTEL;ABAIXO
2,58875E+11;04-11-2017 16:15;04-11-2017 16:15;5;16;d - 16>18;MVTEL;ABAIXO
2,58875E+11;04-11-2017 16:00;04-11-2017 16:00;5;16;d - 16>18;MVTEL;ABAIXO
2,58875E+11;04-11-2017 15:45;04-11-2017 15:45;4;15;c - 12>16;MVTEL;ABAIXO
2,58875E+11;04-11-2017 15:30;04-11-2017 15:30;5;15;c - 12>16;MVTEL;ABAIXO
2,58875E+11;04-11-2017 15:15;04-11-2017 15:15;10;15;c - 12>16;MVTEL;ABAIXO
2,58875E+11;04-11-2017 15:00;04-11-2017 15:00;7;15;c - 12>16;MVTEL;ABAIXO
2,58875E+11;04-11-2017 14:45;04-11-2017 14:45;4;14;c - 12>16;MVTEL;ABAIXO
2,58875E+11;04-11-2017 14:30;04-11-2017 14:30;5;14;c - 12>16;MVTEL;ABAIXO
2,58875E+11;04-11-2017 14:15;04-11-2017 14:15;6;14;c - 12>16;MVTEL;ABAIXO
2,58875E+11;04-11-2017 14:00;04-11-2017 14:00;4;14;c - 12>16;MVTEL;ABAIXO
2,58875E+11;04-11-2017 13:45;04-11-2017 13:45;3;13;c - 12>16;MVTEL;ABAIXO
2,58875E+11;04-11-2017 13:30;04-11-2017 13:30;5;13;c - 12>16;MVTEL;ABAIXO
2,58875E+11;04-11-2017 13:15;04-11-2017 13:15;4;13;c - 12>16;MVTEL;ABAIXO
2,58875E+11;04-11-2017 13:00;04-11-2017 13:00;6;13;c - 12>16;MVTEL;ABAIXO
2,58875E+11;04-11-2017 12:45;04-11-2017 12:45;7;12;c - 12>16;MVTEL;ABAIXO
2,58875E+11;04-11-2017 12:30;04-11-2017 12:30;7;12;c - 12>16;MVTEL;ABAIXO
2,58875E+11;04-11-2017 12:15;04-11-2017 12:15;5;12;c - 12>16;MVTEL;ABAIXO
2,58875E+11;04-11-2017 12:00;04-11-2017 12:00;4;12;c - 12>16;MVTEL;ABAIXO
2,58875E+11;04-11-2017 11:45;04-11-2017 11:45;5;11;b - 7>12;MVTEL;ABAIXO
2,58875E+11;04-11-2017 11:30;04-11-2017 11:30;4;11;b - 7>12;MVTEL;ABAIXO
2,58875E+11;04-11-2017 11:15;04-11-2017 11:15;4;11;b - 7>12;MVTEL;ABAIXO
2,58875E+11;04-11-2017 11:00;04-11-2017 11:00;6;11;b - 7>12;MVTEL;ABAIXO
2,58875E+11;04-11-2017 10:45;04-11-2017 10:45;4;10;b - 7>12;MVTEL;ABAIXO
2,58875E+11;04-11-2017 10:30;04-11-2017 10:30;6;10;b - 7>12;MVTEL;ABAIXO
2,58875E+11;04-11-2017 10:15;04-11-2017 10:15;6;10;b - 7>12;MVTEL;ABAIXO
2,58875E+11;04-11-2017 10:00;04-11-2017 10:00;3;10;b - 7>12;MVTEL;ABAIXO
2,58875E+11;04-11-2017 09:45;04-11-2017 09:45;6;9;b - 7>12;MVTEL;ABAIXO
2,58875E+11;04-11-2017 09:30;04-11-2017 09:30;6;9;b - 7>12;MVTEL;ABAIXO
2,58875E+11;04-11-2017 09:15;04-11-2017 09:15;5;9;b - 7>12;MVTEL;ABAIXO
2,58875E+11;04-11-2017 09:00;04-11-2017 09:00;8;9;b - 7>12;MVTEL;ABAIXO
2,58875E+11;04-11-2017 08:45;04-11-2017 08:45;6;8;b - 7>12;MVTEL;ABAIXO
2,58875E+11;04-11-2017 08:30;04-11-2017 08:30;5;8;b - 7>12;MVTEL;ABAIXO
2,58875E+11;04-11-2017 08:15;04-11-2017 08:15;4;8;b - 7>12;MVTEL;ABAIXO
2,58875E+11;04-11-2017 08:00;04-11-2017 08:00;8;8;b - 7>12;MVTEL;ABAIXO
2,58875E+11;03-11-2017 19:45;03-11-2017 19:45;6;19;e - 18>22;MVTEL;ABAIXO
2,58875E+11;03-11-2017 19:30;03-11-2017 19:30;6;19;e - 18>22;MVTEL;ABAIXO
2,58875E+11;03-11-2017 19:15;03-11-2017 19:15;7;19;e - 18>22;MVTEL;ABAIXO
2,58875E+11;03-11-2017 19:00;03-11-2017 19:00;6;19;e - 18>22;MVTEL;ABAIXO
2,58875E+11;03-11-2017 18:45;03-11-2017 18:45;5;18;e - 18>22;MVTEL;ABAIXO
2,58875E+11;03-11-2017 18:30;03-11-2017 18:30;6;18;e - 18>22;MVTEL;ABAIXO
2,58875E+11;03-11-2017 18:15;03-11-2017 18:15;4;18;e - 18>22;MVTEL;ABAIXO
2,58875E+11;03-11-2017 18:00;03-11-2017 18:00;6;18;e - 18>22;MVTEL;ABAIXO
2,58875E+11;03-11-2017 17:45;03-11-2017 17:45;5;17;d - 16>18;MVTEL;ABAIXO
2,58875E+11;03-11-2017 17:30;03-11-2017 17:30;4;17;d - 16>18;MVTEL;ABAIXO
2,58875E+11;03-11-2017 17:15;03-11-2017 17:15;6;17;d - 16>18;MVTEL;ABAIXO
2,58875E+11;03-11-2017 17:00;03-11-2017 17:00;6;17;d - 16>18;MVTEL;ABAIXO
2,58875E+11;03-11-2017 16:45;03-11-2017 16:45;8;16;d - 16>18;MVTEL;ABAIXO
2,58875E+11;03-11-2017 16:30;03-11-2017 16:30;7;16;d - 16>18;MVTEL;ABAIXO
2,58875E+11;03-11-2017 16:15;03-11-2017 16:15;6;16;d - 16>18;MVTEL;ABAIXO
2,58875E+11;03-11-2017 16:00;03-11-2017 16:00;5;16;d - 16>18;MVTEL;ABAIXO
2,58875E+11;03-11-2017 15:45;03-11-2017 15:45;5;15;c - 12>16;MVTEL;ABAIXO
2,58875E+11;03-11-2017 15:30;03-11-2017 15:30;6;15;c - 12>16;MVTEL;ABAIXO
2,58875E+11;03-11-2017 15:15;03-11-2017 15:15;6;15;c - 12>16;MVTEL;ABAIXO
2,58875E+11;03-11-2017 15:00;03-11-2017 15:00;7;15;c - 12>16;MVTEL;ABAIXO
2,58875E+11;03-11-2017 14:45;03-11-2017 14:45;7;14;c - 12>16;MVTEL;ABAIXO
2,58875E+11;03-11-2017 14:30;03-11-2017 14:30;6;14;c - 12>16;MVTEL;ABAIXO
2,58875E+11;03-11-2017 14:15;03-11-2017 14:15;6;14;c - 12>16;MVTEL;ABAIXO
2,58875E+11;03-11-2017 14:00;03-11-2017 14:00;5;14;c - 12>16;MVTEL;ABAIXO
2,58875E+11;03-11-2017 13:45;03-11-2017 13:45;6;13;c - 12>16;MVTEL;ABAIXO
2,58875E+11;03-11-2017 13:30;03-11-2017 13:30;5;13;c - 12>16;MVTEL;ABAIXO
2,58875E+11;03-11-2017 13:15;03-11-2017 13:15;5;13;c - 12>16;MVTEL;ABAIXO
2,58875E+11;03-11-2017 13:00;03-11-2017 13:00;7;13;c - 12>16;MVTEL;ABAIXO
2,58875E+11;03-11-2017 12:45;03-11-2017 12:45;4;12;c - 12>16;MVTEL;ABAIXO
2,58875E+11;03-11-2017 12:30;03-11-2017 12:30;7;12;c - 12>16;MVTEL;ABAIXO
2,58875E+11;03-11-2017 12:15;03-11-2017 12:15;9;12;c - 12>16;MVTEL;ABAIXO
2,58875E+11;03-11-2017 12:00;03-11-2017 12:00;4;12;c - 12>16;MVTEL;ABAIXO
2,58875E+11;03-11-2017 11:45;03-11-2017 11:45;3;11;b - 7>12;MVTEL;ABAIXO
2,58875E+11;03-11-2017 11:30;03-11-2017 11:30;6;11;b - 7>12;MVTEL;ABAIXO
2,58875E+11;03-11-2017 11:15;03-11-2017 11:15;6;11;b - 7>12;MVTEL;ABAIXO
2,58875E+11;03-11-2017 11:00;03-11-2017 11:00;7;11;b - 7>12;MVTEL;ABAIXO
2,58875E+11;03-11-2017 10:45;03-11-2017 10:45;4;10;b - 7>12;MVTEL;ABAIXO
2,58875E+11;03-11-2017 10:30;03-11-2017 10:30;4;10;b - 7>12;MVTEL;ABAIXO
2,58875E+11;03-11-2017 10:15;03-11-2017 10:15;6;10;b - 7>12;MVTEL;ABAIXO
2,58875E+11;03-11-2017 10:00;03-11-2017 10:00;6;10;b - 7>12;MVTEL;ABAIXO
2,58875E+11;03-11-2017 09:45;03-11-2017 09:45;5;9;b - 7>12;MVTEL;ABAIXO
2,58875E+11;03-11-2017 09:30;03-11-2017 09:30;6;9;b - 7>12;MVTEL;ABAIXO
2,58875E+11;03-11-2017 09:15;03-11-2017 09:15;6;9;b - 7>12;MVTEL;ABAIXO
2,58875E+11;03-11-2017 09:00;03-11-2017 09:00;3;9;b - 7>12;MVTEL;ABAIXO
2,58875E+11;03-11-2017 08:45;03-11-2017 08:45;5;8;b - 7>12;MVTEL;ABAIXO
2,58875E+11;03-11-2017 08:30;03-11-2017 08:30;6;8;b - 7>12;MVTEL;ABAIXO
2,58875E+11;03-11-2017 08:15;03-11-2017 08:15;5;8;b - 7>12;MVTEL;ABAIXO
2,58875E+11;03-11-2017 08:00;03-11-2017 08:00;7;8;b - 7>12;MVTEL;ABAIXO
2,58875E+11;02-11-2017 19:45;02-11-2017 19:45;5;19;e - 18>22;MVTEL;ABAIXO
2,58875E+11;02-11-2017 19:30;02-11-2017 19:30;6;19;e - 18>22;MVTEL;ABAIXO
2,58875E+11;02-11-2017 19:15;02-11-2017 19:15;7;19;e - 18>22;MVTEL;ABAIXO
2,58875E+11;02-11-2017 19:00;02-11-2017 19:00;5;19;e - 18>22;MVTEL;ABAIXO
2,58875E+11;02-11-2017 18:45;02-11-2017 18:45;5;18;e - 18>22;MVTEL;ABAIXO
2,58875E+11;02-11-2017 18:30;02-11-2017 18:30;5;18;e - 18>22;MVTEL;ABAIXO
2,58875E+11;02-11-2017 18:15;02-11-2017 18:15;6;18;e - 18>22;MVTEL;ABAIXO
2,58875E+11;02-11-2017 18:00;02-11-2017 18:00;5;18;e - 18>22;MVTEL;ABAIXO
2,58875E+11;02-11-2017 17:45;02-11-2017 17:45;7;17;d - 16>18;MVTEL;ABAIXO
2,58875E+11;02-11-2017 17:30;02-11-2017 17:30;5;17;d - 16>18;MVTEL;ABAIXO
2,58875E+11;02-11-2017 17:15;02-11-2017 17:15;7;17;d - 16>18;MVTEL;ABAIXO
2,58875E+11;02-11-2017 17:00;02-11-2017 17:00;5;17;d - 16>18;MVTEL;ABAIXO
2,58875E+11;02-11-2017 16:45;02-11-2017 16:45;6;16;d - 16>18;MVTEL;ABAIXO
2,58875E+11;02-11-2017 16:30;02-11-2017 16:30;4;16;d - 16>18;MVTEL;ABAIXO
2,58875E+11;02-11-2017 16:15;02-11-2017 16:15;4;16;d - 16>18;MVTEL;ABAIXO
2,58875E+11;02-11-2017 16:00;02-11-2017 16:00;5;16;d - 16>18;MVTEL;ABAIXO
2,58875E+11;02-11-2017 15:45;02-11-2017 15:45;5;15;c - 12>16;MVTEL;ABAIXO
2,58875E+11;02-11-2017 15:30;02-11-2017 15:30;3;15;c - 12>16;MVTEL;ABAIXO
2,58875E+11;02-11-2017 15:15;02-11-2017 15:15;6;15;c - 12>16;MVTEL;ABAIXO
2,58875E+11;02-11-2017 15:00;02-11-2017 15:00;5;15;c - 12>16;MVTEL;ABAIXO
2,58875E+11;02-11-2017 14:45;02-11-2017 14:45;4;14;c - 12>16;MVTEL;ABAIXO
2,58875E+11;02-11-2017 14:30;02-11-2017 14:30;5;14;c - 12>16;MVTEL;ABAIXO
2,58875E+11;02-11-2017 14:15;02-11-2017 14:15;6;14;c - 12>16;MVTEL;ABAIXO
2,58875E+11;02-11-2017 14:00;02-11-2017 14:00;6;14;c - 12>16;MVTEL;ABAIXO
2,58875E+11;02-11-2017 13:45;02-11-2017 13:45;6;13;c - 12>16;MVTEL;ABAIXO
2,58875E+11;02-11-2017 13:30;02-11-2017 13:30;3;13;c - 12>16;MVTEL;ABAIXO
2,58875E+11;02-11-2017 13:15;02-11-2017 13:15;13;13;c - 12>16;MVTEL;ABAIXO
2,58875E+11;02-11-2017 13:00;02-11-2017 13:00;6;13;c - 12>16;MVTEL;ABAIXO
2,58875E+11;02-11-2017 12:45;02-11-2017 12:45;3;12;c - 12>16;MVTEL;ABAIXO
2,58875E+11;02-11-2017 12:30;02-11-2017 12:30;5;12;c - 12>16;MVTEL;ABAIXO
2,58875E+11;02-11-2017 12:15;02-11-2017 12:15;6;12;c - 12>16;MVTEL;ABAIXO
2,58875E+11;02-11-2017 12:00;02-11-2017 12:00;4;12;c - 12>16;MVTEL;ABAIXO
2,58875E+11;02-11-2017 11:45;02-11-2017 11:45;4;11;b - 7>12;MVTEL;ABAIXO
2,58875E+11;02-11-2017 11:30;02-11-2017 11:30;4;11;b - 7>12;MVTEL;ABAIXO
2,58875E+11;02-11-2017 11:15;02-11-2017 11:15;5;11;b - 7>12;MVTEL;ABAIXO
2,58875E+11;02-11-2017 11:00;02-11-2017 11:00;5;11;b - 7>12;MVTEL;ABAIXO
2,58875E+11;02-11-2017 10:45;02-11-2017 10:45;5;10;b - 7>12;MVTEL;ABAIXO
2,58875E+11;02-11-2017 10:30;02-11-2017 10:30;4;10;b - 7>12;MVTEL;ABAIXO
2,58875E+11;02-11-2017 10:15;02-11-2017 10:15;5;10;b - 7>12;MVTEL;ABAIXO
2,58875E+11;02-11-2017 10:00;02-11-2017 10:00;5;10;b - 7>12;MVTEL;ABAIXO
2,58875E+11;02-11-2017 09:45;02-11-2017 09:45;5;9;b - 7>12;MVTEL;ABAIXO
2,58875E+11;02-11-2017 09:30;02-11-2017 09:30;3;9;b - 7>12;MVTEL;ABAIXO
2,58875E+11;02-11-2017 09:15;02-11-2017 09:15;5;9;b - 7>12;MVTEL;ABAIXO
2,58875E+11;02-11-2017 09:00;02-11-2017 09:00;6;9;b - 7>12;MVTEL;ABAIXO
2,58875E+11;02-11-2017 08:45;02-11-2017 08:45;3;8;b - 7>12;MVTEL;ABAIXO
2,58875E+11;02-11-2017 08:30;02-11-2017 08:30;5;8;b - 7>12;MVTEL;ABAIXO
2,58875E+11;02-11-2017 08:15;02-11-2017 08:15;7;8;b - 7>12;MVTEL;ABAIXO
2,58875E+11;02-11-2017 08:00;02-11-2017 08:00;5;8;b - 7>12;MVTEL;ABAIXO
2,58875E+11;01-11-2017 19:45;01-11-2017 19:45;7;19;e - 18>22;MVTEL;ABAIXO
2,58875E+11;01-11-2017 19:30;01-11-2017 19:30;6;19;e - 18>22;MVTEL;ABAIXO
2,58875E+11;01-11-2017 19:15;01-11-2017 19:15;4;19;e - 18>22;MVTEL;ABAIXO
2,58875E+11;01-11-2017 19:00;01-11-2017 19:00;7;19;e - 18>22;MVTEL;ABAIXO
2,58875E+11;01-11-2017 18:45;01-11-2017 18:45;4;18;e - 18>22;MVTEL;ABAIXO
2,58875E+11;01-11-2017 18:30;01-11-2017 18:30;7;18;e - 18>22;MVTEL;ABAIXO
2,58875E+11;01-11-2017 18:15;01-11-2017 18:15;6;18;e - 18>22;MVTEL;ABAIXO
2,58875E+11;01-11-2017 18:00;01-11-2017 18:00;6;18;e - 18>22;MVTEL;ABAIXO
2,58875E+11;01-11-2017 17:45;01-11-2017 17:45;4;17;d - 16>18;MVTEL;ABAIXO
2,58875E+11;01-11-2017 17:30;01-11-2017 17:30;5;17;d - 16>18;MVTEL;ABAIXO
2,58875E+11;01-11-2017 17:15;01-11-2017 17:15;6;17;d - 16>18;MVTEL;ABAIXO
2,58875E+11;01-11-2017 17:00;01-11-2017 17:00;4;17;d - 16>18;MVTEL;ABAIXO
2,58875E+11;01-11-2017 16:45;01-11-2017 16:45;4;16;d - 16>18;MVTEL;ABAIXO
2,58875E+11;01-11-2017 16:30;01-11-2017 16:30;6;16;d - 16>18;MVTEL;ABAIXO
2,58875E+11;01-11-2017 16:15;01-11-2017 16:15;7;16;d - 16>18;MVTEL;ABAIXO
2,58875E+11;01-11-2017 16:00;01-11-2017 16:00;5;16;d - 16>18;MVTEL;ABAIXO
2,58875E+11;01-11-2017 15:45;01-11-2017 15:45;7;15;c - 12>16;MVTEL;ABAIXO
2,58875E+11;01-11-2017 15:30;01-11-2017 15:30;4;15;c - 12>16;MVTEL;ABAIXO
2,58875E+11;01-11-2017 15:15;01-11-2017 15:15;4;15;c - 12>16;MVTEL;ABAIXO
2,58875E+11;01-11-2017 15:00;01-11-2017 15:00;6;15;c - 12>16;MVTEL;ABAIXO
2,58875E+11;01-11-2017 14:45;01-11-2017 14:45;3;14;c - 12>16;MVTEL;ABAIXO
2,58875E+11;01-11-2017 14:30;01-11-2017 14:30;6;14;c - 12>16;MVTEL;ABAIXO
2,58875E+11;01-11-2017 14:15;01-11-2017 14:15;4;14;c - 12>16;MVTEL;ABAIXO
2,58875E+11;01-11-2017 14:00;01-11-2017 14:00;6;14;c - 12>16;MVTEL;ABAIXO
2,58875E+11;01-11-2017 13:45;01-11-2017 13:45;6;13;c - 12>16;MVTEL;ABAIXO
2,58875E+11;01-11-2017 13:30;01-11-2017 13:30;4;13;c - 12>16;MVTEL;ABAIXO
2,58875E+11;01-11-2017 13:15;01-11-2017 13:15;6;13;c - 12>16;MVTEL;ABAIXO
2,58875E+11;01-11-2017 13:00;01-11-2017 13:00;4;13;c - 12>16;MVTEL;ABAIXO
2,58875E+11;01-11-2017 12:45;01-11-2017 12:45;5;12;c - 12>16;MVTEL;ABAIXO
2,58875E+11;01-11-2017 12:30;01-11-2017 12:30;5;12;c - 12>16;MVTEL;ABAIXO
2,58875E+11;01-11-2017 12:15;01-11-2017 12:15;6;12;c - 12>16;MVTEL;ABAIXO
2,58875E+11;01-11-2017 12:00;01-11-2017 12:00;6;12;c - 12>16;MVTEL;ABAIXO
2,58875E+11;01-11-2017 11:45;01-11-2017 11:45;6;11;b - 7>12;MVTEL;ABAIXO
2,58875E+11;01-11-2017 11:30;01-11-2017 11:30;6;11;b - 7>12;MVTEL;ABAIXO
2,58875E+11;01-11-2017 11:15;01-11-2017 11:15;4;11;b - 7>12;MVTEL;ABAIXO
2,58875E+11;01-11-2017 11:00;01-11-2017 11:00;5;11;b - 7>12;MVTEL;ABAIXO
2,58875E+11;01-11-2017 10:45;01-11-2017 10:45;6;10;b - 7>12;MVTEL;ABAIXO
2,58875E+11;01-11-2017 10:30;01-11-2017 10:30;7;10;b - 7>12;MVTEL;ABAIXO
2,58875E+11;01-11-2017 10:15;01-11-2017 10:15;8;10;b - 7>12;MVTEL;ABAIXO
2,58875E+11;01-11-2017 10:00;01-11-2017 10:00;6;10;b - 7>12;MVTEL;ABAIXO
2,58875E+11;01-11-2017 09:45;01-11-2017 09:45;13;9;b - 7>12;MVTEL;ABAIXO
2,58875E+11;01-11-2017 09:30;01-11-2017 09:30;7;9;b - 7>12;MVTEL;ABAIXO
2,58875E+11;01-11-2017 09:15;01-11-2017 09:15;7;9;b - 7>12;MVTEL;ABAIXO
2,58875E+11;01-11-2017 09:00;01-11-2017 09:00;7;9;b - 7>12;MVTEL;ABAIXO
2,58875E+11;01-11-2017 08:45;01-11-2017 08:45;5;8;b - 7>12;MVTEL;ABAIXO
2,58875E+11;01-11-2017 08:30;01-11-2017 08:30;6;8;b - 7>12;MVTEL;ABAIXO
2,58875E+11;01-11-2017 08:15;01-11-2017 08:15;5;8;b - 7>12;MVTEL;ABAIXO
2,58875E+11;01-11-2017 08:00;01-11-2017 08:00;6;8;b - 7>12;MVTEL;ABAIXO
